{"type":"FeatureCollection","features":[{"type":"Feature","properties":{"name":"Vietnam"},"geometry":{"type":"MultiPolygon","coordinates":[[[[104.0830078125,10.341113281249989],[104.07578125000003,10.224853515625],[104.03681640625001,10.110742187499994],[104.04833984375,10.06103515625],[104.01845703125002,10.029199218749994],[103.9521484375,10.242919921875],[103.86796874999999,10.335400390624997],[103.84951171875002,10.37109375],[103.8984375,10.368505859374991],[103.98583984375,10.426953124999997],[104.02773437500002,10.428369140624994],[104.06396484375,10.390820312499997],[104.0830078125,10.341113281249989]]],[[[107.92578125,21.498925781249994],[107.80908203125,21.497119140625003],[107.70722656250001,21.40585937499999],[107.63671875,21.368066406249994],[107.52695312500003,21.336230468750003],[107.40996093749999,21.284814453124994],[107.37617187500001,21.194140625000003],[107.37333984374999,21.128466796875003],[107.35429687499999,21.05517578125],[107.16474609375001,20.94873046875],[107.11171875000002,20.95957031249999],[107.0751953125,20.999267578125],[107.01923828125001,20.9912109375],[106.9814453125,20.971386718749997],[106.93642578125002,20.974072265624997],[106.88623046875,20.950000000000003],[106.82060546874999,20.95751953125],[106.76025390625,20.991113281249994],[106.72519531250003,20.999902343749994],[106.68339843749999,21.000292968750003],[106.67548828125001,20.960498046875003],[106.7373046875,20.80615234375],[106.75341796875,20.735058593749997],[106.55078125,20.526562499999997],[106.57285156250003,20.39218749999999],[106.51796875000002,20.288867187500003],[106.3955078125,20.20590820312499],[106.16572265625001,19.99204101562499],[106.06220703125001,19.987353515625003],[105.98408203125001,19.93906249999999],[105.81396484375,19.587451171875003],[105.81210937500003,19.466992187499997],[105.78535156250001,19.378857421874997],[105.79111328125003,19.294189453125],[105.71640625000003,19.12778320312499],[105.63906250000002,19.057177734375003],[105.62177734375001,18.96630859375],[105.73203125000003,18.779296875],[105.74423828125003,18.746289062499997],[105.80820312500003,18.64584960937499],[105.83925781250002,18.574169921874997],[105.88828125000003,18.502490234375003],[106.06562500000001,18.316357421874997],[106.14453125,18.259423828124994],[106.23955078124999,18.220703125],[106.41191406249999,18.053173828124997],[106.4990234375,17.946435546874994],[106.45937500000002,17.873681640624994],[106.47890625000002,17.71958007812499],[106.35585937500002,17.765039062499994],[106.37050781250002,17.746875000000003],[106.51679687500001,17.662792968749997],[106.73574218750002,17.3671875],[106.92617187500002,17.221386718749997],[107.11992187499999,17.05551757812499],[107.18037109375001,16.89794921875],[107.35507812500003,16.793750000000003],[107.54931640625,16.642578125],[107.54082031249999,16.608642578125],[107.59345703125001,16.568066406249997],[107.72412109375,16.487841796875003],[107.80312500000002,16.403076171875],[107.83378906249999,16.322460937499997],[107.88203125000001,16.309619140625003],[107.93632812499999,16.329394531250003],[107.99072265625,16.337109374999997],[108.02939453125003,16.331103515625003],[108.08798828125003,16.242724609375003],[108.16972656249999,16.16367187499999],[108.208984375,16.091064453125],[108.24082031250003,16.100781249999997],[108.26738281249999,16.089794921874997],[108.27402343750003,16.029052734375],[108.28603515625002,15.989062500000003],[108.39531249999999,15.872460937499994],[108.44746093750001,15.7626953125],[108.57783203125001,15.584716796875],[108.67421875000002,15.483593749999997],[108.74277343750003,15.426611328124991],[108.8212890625,15.3779296875],[108.89824218749999,15.180517578124991],[108.93994140625,15.00146484375],[109.0224609375,14.802832031249991],[109.08486328125002,14.716162109374991],[109.08701171875003,14.552587890624991],[109.13730468750003,14.384130859374991],[109.19140625,14.270458984374997],[109.20732421874999,14.154296875],[109.22392578124999,14.0966796875],[109.24462890625,14.053417968749997],[109.30332031250003,13.8564453125],[109.2880859375,13.765039062499994],[109.2470703125,13.854736328125],[109.25205078125003,13.590527343749997],[109.2880859375,13.450781249999991],[109.27187500000002,13.279345703125003],[109.3095703125,13.219189453124997],[109.37675781249999,13.025488281249991],[109.42392578125003,12.955957031249994],[109.42001953125003,12.719042968749989],[109.44492187500003,12.599609375],[109.38144531250003,12.670751953124991],[109.33554687500003,12.751904296874997],[109.27402343750003,12.709033203124989],[109.21894531250001,12.645800781249989],[109.3046875,12.391162109374989],[109.20683593749999,12.415380859374991],[109.21572265625002,12.072900390624994],[109.25625000000002,11.992871093749997],[109.25917968750002,11.954541015624997],[109.24726562500001,11.90869140625],[109.22021484375,11.958837890624991],[109.21455078125001,12.010449218749997],[109.19912109375002,11.9990234375],[109.19990234375001,11.972460937499989],[109.16728515624999,11.912011718749994],[109.15751953124999,11.837109374999997],[109.19267578124999,11.7734375],[109.19863281250002,11.724853515625],[109.17324218750002,11.664746093749997],[109.13251953125001,11.60107421875],[109.03964843750003,11.592675781249994],[109.01845703125002,11.468359374999991],[108.98671875000002,11.336376953124997],[108.82080078125,11.3154296875],[108.70029296875003,11.199267578124989],[108.55126953125,11.155957031249997],[108.41855468750003,11.040722656249997],[108.27167968750001,10.934277343749997],[108.17617187500002,10.920166015625],[108.09492187500001,10.897265624999989],[108.00136718750002,10.720361328124994],[107.84511718750002,10.700097656249994],[107.564453125,10.555468749999989],[107.47031250000003,10.48583984375],[107.38447265625001,10.458642578124994],[107.26152343749999,10.398388671874997],[107.23505859375001,10.419873046874997],[107.19414062499999,10.471582031249994],[107.08779296875002,10.498339843749989],[107.03574218750003,10.556298828124994],[107.02070312500001,10.630957031249991],[107.00664062499999,10.660546874999994],[106.98369140624999,10.618310546874994],[106.96611328124999,10.440722656249989],[106.94746093750001,10.400341796874997],[106.90205078125001,10.3828125],[106.81269531250001,10.433300781249997],[106.72734374999999,10.53564453125],[106.60585937500002,10.464941406249991],[106.64306640625,10.456249999999997],[106.69843750000001,10.462060546874994],[106.7412109375,10.444384765624989],[106.77753906250001,10.376123046874994],[106.77626953125002,10.338964843749991],[106.75742187500003,10.295800781249994],[106.6435546875,10.288916015624991],[106.49169921875,10.304101562499994],[106.46406250000001,10.298291015624997],[106.60244140625002,10.231738281249989],[106.72900390625,10.193310546874997],[106.78525390625003,10.151171874999989],[106.78525390625003,10.116455078125],[106.71416015624999,10.060205078124994],[106.6591796875,9.991406249999997],[106.65810546875002,9.94873046875],[106.65683593750003,9.901074218749997],[106.59560546875002,9.85986328125],[106.55732421875001,9.868066406249994],[106.44912109375002,9.939648437499997],[106.13642578125001,10.2216796875],[106.18359375,10.14208984375],[106.50742187500003,9.821240234374997],[106.56435546875002,9.715624999999989],[106.57246093750001,9.64111328125],[106.53916015625003,9.603564453124989],[106.48408203125001,9.559423828124991],[106.37802734375003,9.556103515624997],[106.20400390625002,9.675439453124994],[105.92568359375002,9.961718749999989],[105.83095703125002,10.000732421875],[106.11250000000001,9.673583984375],[106.15859375000002,9.594140624999994],[106.20615234375003,9.502343749999994],[106.19257812500001,9.447802734374989],[106.16835937500002,9.396728515625],[105.5009765625,9.093212890624997],[105.4013671875,8.96240234375],[105.322265625,8.801123046874991],[105.19121093749999,8.711328124999994],[105.11435546875003,8.629199218749989],[104.89189453124999,8.583251953125],[104.77041015625002,8.59765625],[104.89628906249999,8.746630859374989],[104.81855468750001,8.801855468749991],[104.81464843750001,9.185498046874997],[104.84521484375,9.606152343749997],[104.90322265625002,9.816259765624991],[104.98710937499999,9.86865234375],[105.09257812499999,9.900976562499991],[105.09492187500001,9.945263671874997],[105.08447265625,9.995703124999991],[105.02783203125,10.067431640624989],[104.9658203125,10.1005859375],[104.87324218750001,10.114794921874989],[104.80195312500001,10.202734374999991],[104.74765625000003,10.199121093749994],[104.66347656250002,10.169921875],[104.61269531250002,10.207666015624994],[104.59404296874999,10.266894531249989],[104.51611328125,10.339990234374994],[104.42636718750003,10.411230468749991],[104.46699218750001,10.42236328125],[104.51406250000002,10.463330078124997],[104.56425781249999,10.515966796874991],[104.68964843750001,10.523242187499989],[104.8154296875,10.520800781249989],[104.8505859375,10.534472656249989],[104.90126953125002,10.590234374999994],[104.98388671875,10.661914062499989],[105.04638671875,10.70166015625],[105.06113281250003,10.733789062499994],[105.0361328125,10.809374999999989],[105.02226562499999,10.886865234374994],[105.04570312499999,10.911376953125],[105.15947265624999,10.897558593749991],[105.28427734375003,10.861474609374994],[105.31464843750001,10.845166015624997],[105.38652343749999,10.940087890624994],[105.40576171875,10.951611328124997],[105.45273437500003,10.951416015625],[105.57656250000002,10.968896484374994],[105.69775390625,10.994042968749994],[105.75507812500001,10.989990234375],[105.81074218750001,10.926074218749989],[105.85332031249999,10.863574218749989],[105.87519531250001,10.858496093749991],[105.93818359375001,10.885156249999994],[105.99013671875002,10.851806640625],[106.09882812500001,10.797265624999994],[106.16396484375002,10.794921875],[106.13154296875001,10.921972656249991],[106.16796875,11.012304687499991],[106.16093749999999,11.037109375],[106.09951171875002,11.078662109374989],[105.8916015625,11.244824218749997],[105.85605468750003,11.294287109374991],[105.86093750000003,11.372412109374991],[105.85400390625,11.487060546875],[105.83535156250002,11.559130859374989],[105.83847656250003,11.601318359375],[105.85146484375002,11.635009765625],[105.88984375000001,11.648388671874997],[105.92656249999999,11.652929687499991],[105.95625000000001,11.682470703124991],[106.00605468750001,11.758007812499997],[106.10292968750002,11.751269531249989],[106.23916015625002,11.708349609374991],[106.33984375,11.681835937499997],[106.39921874999999,11.68701171875],[106.41250000000002,11.697802734374989],[106.41074218750003,11.738378906249991],[106.41777343749999,11.911718749999991],[106.41386718749999,11.948437499999997],[106.49960937500003,11.965527343749997],[106.63095703125003,11.969189453124997],[106.70009765625002,11.979296874999989],[106.7646484375,12.052343749999991],[106.9306640625,12.077490234374991],[107.05068359375002,12.175878906249991],[107.15898437499999,12.277050781249997],[107.21210937500001,12.304003906249989],[107.27968750000002,12.321582031249989],[107.330078125,12.319042968749997],[107.39335937499999,12.260498046875],[107.44599609375001,12.295703124999989],[107.50644531250003,12.364550781249989],[107.5380859375,12.431787109374994],[107.55546874999999,12.539990234374997],[107.54355468750003,12.705908203124991],[107.51152343749999,12.835742187499989],[107.48154296875003,12.93310546875],[107.47539062499999,13.030371093749991],[107.54550781250003,13.225439453124991],[107.60546875,13.437792968750003],[107.59394531250001,13.521679687499997],[107.52861328124999,13.654199218749994],[107.46230468750002,13.815624999999997],[107.38945312499999,13.993017578124991],[107.36210937499999,14.019482421874997],[107.34257812499999,14.068896484375003],[107.33144531250002,14.126611328124994],[107.3603515625,14.307861328125],[107.36445312500001,14.368701171875003],[107.44843750000001,14.451220703125003],[107.4931640625,14.545751953124991],[107.53525390625003,14.649951171875003],[107.51943359375002,14.705078125],[107.51376953124998,14.817382812500057],[107.52451171875003,14.871826171874943],[107.50468749999999,14.915917968749994],[107.48037109375002,14.979882812499994],[107.49628906250001,15.021435546874997],[107.55527343750003,15.057031249999994],[107.58964843749999,15.118457031250003],[107.63369140625002,15.189843749999994],[107.65312499999999,15.255224609374991],[107.62167968750003,15.309863281250003],[107.56425781249999,15.3916015625],[107.45957031250003,15.4658203125],[107.33876953125002,15.560498046875125],[107.27939453125003,15.618701171875003],[107.23261718750001,15.678076171874991],[107.18955078125003,15.747265624999997],[107.16591796875002,15.802490234375],[107.18886718750002,15.838623046875],[107.36064453124999,15.921728515624991],[107.39199218750002,15.95166015625],[107.41015625,15.997851562500003],[107.39638671875002,16.043017578125003],[107.35009765625,16.0673828125],[107.29648437500003,16.084033203125003],[107.21738281250003,16.136328124999977],[107.06972656250002,16.279833984375003],[107.001953125,16.311816406250045],[106.9306640625,16.35312499999999],[106.89277343750001,16.396533203125003],[106.85107421875,16.515625],[106.83242187500002,16.526269531249994],[106.79160156250003,16.49033203124999],[106.73955078124999,16.452539062500136],[106.69609374999999,16.458984375],[106.65644531250001,16.492626953124997],[106.63749999999999,16.53793945312492],[106.59365234375002,16.60009765625],[106.54619140624999,16.65073242187499],[106.53369140625,16.821044921875],[106.52597656250003,16.876611328125023],[106.50224609374999,16.9541015625],[106.46533203125,16.981835937499994],[106.42597656250001,17.00253906249999],[106.33339843750002,17.14370117187508],[106.26953125,17.216796875000057],[106.00625000000002,17.415283203125],[105.97353515625002,17.446972656249997],[105.90273437500002,17.52866210937499],[105.77949218750001,17.644433593749994],[105.69140625,17.737841796874932],[105.62724609374999,17.834423828124997],[105.59765625,17.918261718750003],[105.58847656250003,17.983691406250003],[105.5185546875,18.077441406250003],[105.45820312500001,18.154296875],[105.40000000000003,18.179248046875003],[105.33349609375,18.189648437499997],[105.27324218749999,18.2353515625],[105.16328125000001,18.33872070312499],[105.11455078124999,18.4052734375],[105.08583984375002,18.450097656249994],[105.08701171875003,18.496240234374994],[105.11347656250001,18.573046875000003],[105.14541015625002,18.61679687499999],[105.146484375,18.650976562499977],[105.11513671875002,18.678857421875023],[104.9931640625,18.728320312500003],[104.71650390624995,18.803417968749955],[104.61328125,18.860644531250003],[104.51796875000002,18.934082031250114],[104.44580078125,18.983837890624997],[104.10859375000001,19.195556640625],[104.00634765625,19.230908203124997],[103.91835937500002,19.268505859374997],[103.89160156249994,19.30498046874999],[103.89638671875002,19.339990234375023],[103.93203125000002,19.366064453125034],[104.02753906250001,19.420458984375003],[104.06289062500002,19.482568359375136],[104.05156249999999,19.564160156249997],[104.01347656249999,19.646484375],[104.03203124999999,19.67514648437499],[104.06279296874999,19.678417968749997],[104.12714843750001,19.68085937500001],[104.25986328125003,19.685498046874997],[104.54628906250002,19.610546874999997],[104.587890625,19.61874999999999],[104.7431640625,19.75473632812499],[104.8017578125,19.836132812499997],[104.81513671875001,19.904003906249997],[104.84580078125003,19.94716796875008],[104.92792968750001,20.018115234375003],[104.92919921874994,20.082812500000045],[104.888671875,20.169091796874994],[104.84785156250001,20.202441406250003],[104.81269531250001,20.21684570312499],[104.69873046875,20.205322265625],[104.67695312500001,20.22470703124999],[104.66191406249999,20.289013671874997],[104.65644531250001,20.328515624999994],[104.61884765624995,20.374511718750114],[104.49619140625003,20.41367187499999],[104.39218750000003,20.424755859374997],[104.36777343750003,20.44140625],[104.40781250000003,20.485742187499994],[104.47861328124998,20.529589843750102],[104.53271484375,20.554882812500125],[104.57519531249994,20.60024414062508],[104.58320312500001,20.646679687499955],[104.53037109375003,20.68798828125],[104.46142578125,20.73374023437499],[104.349609375,20.82109374999999],[104.1953125,20.913964843749994],[104.10136718749999,20.945507812499997],[104.05205078124999,20.941210937500102],[103.88203125000001,20.86142578124999],[103.79052734375,20.809521484374997],[103.71445312500003,20.716943359374994],[103.63505859374999,20.697070312500003],[103.5546875,20.737841796875003],[103.46357421874995,20.779833984375102],[103.21074218749999,20.840625000000003],[103.1044921875,20.891650390625003],[102.8837890625,21.202587890624997],[102.85117187500003,21.265917968750003],[102.87226562500001,21.33749999999999],[102.88749999999999,21.43994140625],[102.90957031250002,21.50634765625],[102.94863281250002,21.569775390624997],[102.95917968750001,21.626220703125],[102.94960937500002,21.681347656249997],[102.91767578125001,21.712939453125003],[102.87617187500001,21.72226562500009],[102.84521484375,21.734765624999994],[102.81591796875,21.807373046875],[102.79824218750002,21.79794921874999],[102.77109375000003,21.709667968749997],[102.73857421874999,21.677929687499997],[102.69531249999994,21.662109375000057],[102.66201171875002,21.676025390625],[102.64082031250001,21.71142578125],[102.63125000000002,21.77133789062499],[102.60966796874999,21.851757812499997],[102.58251953125,21.904296875],[102.48750000000001,21.957763671875],[102.44267578124999,22.02714843749999],[102.30136718749998,22.178173828125068],[102.18300781250002,22.28403320312492],[102.12744140625,22.379199218750003],[102.17597656250001,22.41464843749999],[102.23701171875001,22.466015624999997],[102.30224609375,22.54599609374999],[102.37578124999999,22.646630859374994],[102.40644531250001,22.7080078125],[102.42792968750001,22.732812499999994],[102.47089843750001,22.750927734374997],[102.51718750000003,22.741015625000003],[102.59853515625002,22.700390624999997],[102.72099609374999,22.648486328125003],[102.830078125,22.587158203125],[102.87421875000001,22.525390625],[102.93515625000003,22.46616210937499],[102.98193359375,22.4482421875],[103.00537109375,22.45297851562499],[103.07587890625001,22.497509765624997],[103.13632812500003,22.542236328125],[103.13759765625002,22.592968749999997],[103.193359375,22.63852539062499],[103.26630859375001,22.713525390624994],[103.30058593749999,22.764404296875],[103.32666015625,22.769775390625],[103.35605468750003,22.754687500000003],[103.47099609374999,22.597412109375],[103.49296874999999,22.58798828124999],[103.525390625,22.611572265625],[103.57070312500002,22.734423828125003],[103.62021484375003,22.782031250000003],[103.63730468750003,22.77001953125],[103.9150390625,22.538232421874994],[103.94150390625003,22.540087890625003],[103.97138671875001,22.550488281249997],[103.99082031250003,22.586132812499997],[104.0126953125,22.66635742187499],[104.05390625000001,22.75229492187499],[104.14306640625,22.80014648437499],[104.21250000000003,22.80942382812499],[104.23828125,22.768505859374997],[104.29833984375,22.71201171874999],[104.37177734375001,22.704052734374997],[104.52685546875,22.804101562499994],[104.57753906250002,22.820019531249997],[104.63173828125002,22.81821289062499],[104.68730468749999,22.822216796874997],[104.74003906249999,22.860498046874994],[104.79570312499999,22.9111328125],[104.81474609374999,23.010791015625003],[104.82656250000002,23.10019531249999],[104.86474609375,23.136376953124994],[104.91015625,23.160546874999994],[104.99570312500003,23.1943359375],[105.18906250000003,23.281054687500003],[105.23876953125,23.32211914062499],[105.275390625,23.34521484375],[105.35048828125002,23.307666015625003],[105.44013671875001,23.2353515625],[105.49453125000002,23.180859374999997],[105.53085937500003,23.121972656249994],[105.54814453124999,23.072656249999994],[105.69121093749999,23.029931640624994],[105.78232421875003,22.96933593749999],[105.84296875000001,22.922802734374997],[105.90263671874999,22.924951171874994],[105.96230468750002,22.937451171874997],[106.0009765625,22.974755859374994],[106.06845703125003,22.975537109374997],[106.1484375,22.97006835937499],[106.18398437500002,22.955126953125003],[106.24941406250002,22.869433593750003],[106.27900390625001,22.857470703125003],[106.33808593750001,22.863476562499997],[106.45087890625001,22.89389648437499],[106.54179687499999,22.908349609374994],[106.6240234375,22.874267578125],[106.7802734375,22.77890624999999],[106.736328125,22.7109375],[106.70156250000002,22.637744140625003],[106.63310546874999,22.58603515624999],[106.58242187500002,22.5732421875],[106.55039062500003,22.501367187499994],[106.53632812500001,22.395410156249994],[106.55361328125002,22.341699218749994],[106.59316406250002,22.324511718750003],[106.63652343749999,22.288623046875003],[106.65419921875002,22.241455078125],[106.66005859375002,22.136474609375],[106.65771484375,22.018212890624994],[106.66357421875,21.978906249999994],[106.69765625000002,21.98618164062499],[106.7294921875,22.00034179687499],[106.79414062500001,21.981982421875003],[106.87451171875,21.95126953124999],[106.92519531250002,21.920117187499997],[106.97099609374999,21.92392578124999],[107.00644531250003,21.89340820312499],[107.01982421874999,21.834863281249994],[107.06162109375003,21.794189453125],[107.17851562499999,21.717089843750003],[107.27207031250003,21.710644531249997],[107.35117187500003,21.60888671875],[107.43349609375002,21.642285156249997],[107.47138671875001,21.598339843749997],[107.64101562500002,21.613916015624994],[107.75927734375,21.655029296875],[107.80205078124999,21.645166015624994],[107.90839843750001,21.56040039062499],[107.97265625,21.507958984374994],[107.92578125,21.498925781249994]]],[[[106.58925781250002,8.680517578124991],[106.56796875000003,8.700927734375],[106.65859375000002,8.766357421875],[106.64951171875003,8.722998046874991],[106.65253906250001,8.701123046874997],[106.61748046874999,8.682812499999997],[106.58925781250002,8.680517578124991]]],[[[107.08378906249999,10.336572265624994],[107.07792968749999,10.387499999999989],[107.15087890625,10.420312499999994],[107.17656249999999,10.446191406249994],[107.19492187500003,10.445703124999994],[107.16767578125001,10.397167968749997],[107.08378906249999,10.336572265624994]]],[[[106.85410156250003,20.79638671875],[106.80312500000002,20.84375],[106.76943359375002,20.864208984374997],[106.79531250000002,20.927929687499997],[106.85507812500003,20.85825195312499],[106.86562500000002,20.815722656250003],[106.85410156250003,20.79638671875]]],[[[107.45869140625001,21.09165039062499],[107.40351562500001,21.093652343749994],[107.45253906250002,21.235302734374997],[107.47626953125001,21.268945312499994],[107.56269531250001,21.220410156249997],[107.60273437500001,21.216796875],[107.45869140625001,21.09165039062499]]],[[[107.46552734375001,20.900537109374994],[107.39921874999999,20.903466796874994],[107.47861328125003,20.952343749999997],[107.51894531250002,21.012841796874994],[107.55126953125,21.03403320312499],[107.55107421874999,20.981201171875],[107.52128906249999,20.92661132812499],[107.46552734375001,20.900537109374994]]],[[[106.99003906249999,20.743066406249994],[106.91064453125,20.82421875],[106.95341796874999,20.86704101562499],[107.04374999999999,20.836816406249994],[107.064453125,20.817285156249994],[107.06396484375,20.799755859374997],[107.04228515624999,20.761035156250003],[107.03134765625003,20.747021484374997],[106.99003906249999,20.743066406249994]]]]}},{"type":"Feature","properties":{"name":"Timor-Leste"},"geometry":{"type":"MultiPolygon","coordinates":[[[[125.57949218750002,-8.311816406250003],[125.50712890624999,-8.275097656250011],[125.58408203125003,-8.178613281250009],[125.62109375,-8.150000000000006],[125.64609375000003,-8.139941406250003],[125.57949218750002,-8.311816406250003]]],[[[125.03359375000002,-9.3818359375],[124.99697265625002,-9.325976562500003],[124.96826171875,-9.294238281250003],[124.95859375000003,-9.254687500000003],[124.96015625000001,-9.213769531250009],[124.9775390625,-9.194921875000006],[125.10048828125002,-9.189843750000009],[125.1494140625,-9.122949218750009],[125.14902343750003,-9.042578125000006],[125.12441406250002,-9.015429687500003],[125.10039062499999,-9.004003906250006],[124.97324218750003,-9.064257812500003],[124.93681640624999,-9.053417968750011],[124.9150390625,-9.031542968750003],[124.92226562500002,-8.942480468750006],[125.02695312500003,-8.859082031250011],[125.11572265625,-8.7080078125],[125.17802734374999,-8.647851562500009],[125.32314453125002,-8.59130859375],[125.3818359375,-8.575390625000011],[125.80429687500003,-8.4921875],[125.90507812499999,-8.486523437500011],[126.1728515625,-8.488964843750011],[126.53105468749999,-8.470800781250006],[126.61972656250003,-8.45947265625],[126.73457031250001,-8.422753906250009],[126.845703125,-8.377343750000009],[126.90468750000002,-8.341601562500003],[126.96640625000003,-8.315722656250003],[127.05849609375002,-8.348242187500006],[127.21484375,-8.372949218750009],[127.25703125000001,-8.39453125],[127.29609375000001,-8.424511718750011],[127.11455078124999,-8.583593750000006],[126.91523437500001,-8.715234375000009],[126.79248046875,-8.755078125000011],[126.66542968750002,-8.782031250000003],[126.56855468750001,-8.832910156250009],[126.48691406250003,-8.912695312500006],[126.38251953125001,-8.957617187500006],[126.26474609375003,-8.972753906250006],[126.16425781250001,-8.996679687500006],[126.07304687499999,-9.043554687500006],[125.94609374999999,-9.123925781250009],[125.89472656250001,-9.132128906250003],[125.84033203125,-9.130175781250003],[125.73515624999999,-9.160937500000003],[125.40800781249999,-9.275781250000009],[125.21025390624999,-9.403515625000011],[125.06816406249999,-9.511914062500011],[125.03359375000002,-9.3818359375]]],[[[124.19814453125002,-9.256152343750003],[124.44443359375003,-9.190332031250009],[124.43828124999999,-9.238574218750003],[124.41298828125002,-9.314355468750009],[124.37568359375001,-9.349902343750003],[124.3193359375,-9.413769531250011],[124.28232421875003,-9.427929687500011],[124.13457031249999,-9.413867187500003],[124.11552734374999,-9.423144531250003],[124.09013671874999,-9.416406250000009],[124.05244140625001,-9.375390625000009],[124.03632812500001,-9.341601562500003],[124.19814453125002,-9.256152343750003]]]]}},{"type":"Feature","properties":{"name":"Thailand"},"geometry":{"type":"MultiPolygon","coordinates":[[[[102.58994140625003,11.572167968749994],[102.53281250000003,11.614941406249997],[102.54648437500003,11.667773437499989],[102.56894531250003,11.691699218749989],[102.6064453125,11.676513671875],[102.58994140625003,11.572167968749994]]],[[[102.42998046874999,11.964746093749994],[102.37812500000001,11.982958984374989],[102.35996093750003,11.974414062499989],[102.30195312500001,11.980810546874991],[102.27333984375002,12.119335937499997],[102.27744140625003,12.15185546875],[102.31884765625,12.141650390624989],[102.37812500000001,12.072851562499991],[102.40839843750001,12.025097656249997],[102.4267578125,11.988720703124997],[102.42998046874999,11.964746093749994]]],[[[98.3984375,7.828417968749989],[98.357421875,7.8294433593749915],[98.31562500000001,7.7823242187499915],[98.29628906250002,7.776074218749997],[98.26230468750003,7.926074218749989],[98.30136718750003,8.13623046875],[98.32207031249999,8.166308593749989],[98.35097656250002,8.110644531249989],[98.43496093750002,8.085644531249997],[98.39882812500002,7.964550781249997],[98.40908203125002,7.902050781249997],[98.3984375,7.828417968749989]]],[[[100.11494140625001,20.25766601562499],[100.13974609375003,20.245410156250003],[100.17412109374999,20.272753906250003],[100.21806640624999,20.339599609375],[100.26601562500002,20.37729492187499],[100.31796875000003,20.385888671874994],[100.37314453125003,20.340380859375003],[100.43154296875002,20.24072265625],[100.49160156250002,20.18408203125],[100.51953125,20.177929687499997],[100.53994140625002,20.132373046875003],[100.54306640625003,20.088671875000003],[100.51455078125002,19.996337890625],[100.46621093750002,19.888916015625],[100.39765625000001,19.756103515625],[100.42011718750001,19.644482421874997],[100.51357421875002,19.553466796875],[100.62548828125,19.49985351562509],[100.74394531249999,19.51474609374999],[100.80683593750001,19.541943359374955],[100.85820312499999,19.58505859374999],[100.90605468749993,19.60537109375008],[100.96650390625001,19.610791015624997],[101.15468750000002,19.57919921874999],[101.2119140625,19.54833984375],[101.22080078125003,19.486621093750003],[101.19755859374999,19.327929687500003],[101.2265625,19.21152343749999],[101.27988281250003,19.088916015625003],[101.28632812499995,18.977148437500034],[101.22050781249999,18.792773437500003],[101.16552734375,18.618310546874994],[101.10634765625002,18.53354492187499],[101.06044921875002,18.47900390625],[101.04697265625003,18.441992187500034],[101.05058593749999,18.407031250000003],[101.0927734375,18.354541015625003],[101.13749999999999,18.286865234375],[101.14873046874999,18.22216796875],[101.14394531250002,18.142626953125003],[101.11328125,18.03354492187499],[100.9990234375,17.797167968750003],[100.90849609374999,17.583886718749994],[100.95585937499999,17.54111328124999],[101.04570312499999,17.509960937499997],[101.10517578125001,17.479541015625102],[101.16748046875,17.4990234375],[101.29970703125002,17.625000000000057],[101.41367187500003,17.71875],[101.55507812500002,17.81235351562499],[101.56367187500001,17.820507812499997],[101.6875,17.889404296875114],[101.744140625,17.952685546875045],[101.77480468750002,18.033398437500125],[101.81865234374999,18.064648437499997],[101.87548828125,18.046435546875003],[101.94746093750001,18.081494140624955],[102.03457031250002,18.169824218749994],[102.10146484375002,18.210644531249997],[102.14824218749999,18.203857421875],[102.23164062500001,18.148974609375045],[102.35185546874999,18.045947265625045],[102.45878906249999,17.984619140625],[102.55253906249999,17.965087890625],[102.59824218750003,17.9267578125],[102.59609375000002,17.86962890625],[102.61679687500003,17.83334960937499],[102.66064453125,17.81796874999999],[102.68007812500002,17.824121093749994],[102.67519531250002,17.851757812499997],[102.71757812499999,17.892236328124994],[102.80742187499999,17.945556640625],[102.89863281250001,17.97690429687499],[102.99140625000001,17.986230468749994],[103.05136718750003,18.028515624999997],[103.09121093750002,18.138232421875003],[103.14853515625003,18.221728515625003],[103.19970703125,18.259472656249997],[103.26318359375,18.278466796874994],[103.27958984374999,18.304980468750045],[103.24892578125002,18.33896484374999],[103.25175781249999,18.373486328125125],[103.28828124999995,18.408398437499955],[103.36699218749999,18.42333984375],[103.48798828124995,18.41816406250001],[103.62968749999999,18.382568359375],[103.79228515624999,18.31650390625009],[103.89882812500002,18.295312500000023],[103.94960937500002,18.318994140624994],[104.04873046875002,18.216699218749966],[104.19619140625002,17.98837890624999],[104.32265625000002,17.815820312499994],[104.42812500000002,17.698974609375057],[104.53925781250001,17.609277343749994],[104.65585937500003,17.54672851562499],[104.73964843750002,17.461669921875],[104.81601562499998,17.30029296875],[104.75898437500001,17.0771484375],[104.74355468750002,16.88437499999999],[104.75058593750003,16.64755859374999],[104.81933593749994,16.466064453125057],[104.94990234375001,16.33994140624999],[105.02578125000002,16.237988281249997],[105.04716796874999,16.16025390624999],[105.14873046874999,16.093554687500003],[105.33066406250003,16.037890625000003],[105.40625,15.987451171875023],[105.37558593750003,15.942187500000003],[105.37324218750001,15.889697265625045],[105.39892578125,15.829882812500003],[105.46201171875003,15.780419921874994],[105.56240234375002,15.741259765625003],[105.6220703125,15.699951171875],[105.64101562500002,15.656542968749932],[105.63886718750001,15.5859375],[105.61562500000002,15.48828125],[105.57373046875,15.413232421874994],[105.51318359375,15.360888671875003],[105.505859375,15.319628906250045],[105.49042968750001,15.256591796875],[105.49042968750001,15.127587890624994],[105.53339843750001,15.041601562499991],[105.54667968749999,14.932470703125034],[105.52304687500003,14.843310546875003],[105.50019531250001,14.661230468749991],[105.49736328124999,14.590673828124991],[105.4755859375,14.530126953124991],[105.42265624999993,14.471630859374955],[105.34218750000002,14.416699218749997],[105.24365234375,14.367871093749997],[105.18330078125001,14.346240234375003],[105.16914062500001,14.336083984374994],[105.1259765625,14.280957031249997],[105.07412109375002,14.227441406249994],[105.03369140625,14.227392578124991],[105.00341796875,14.254443359375003],[104.982421875,14.289453124999994],[104.9697265625,14.366113281249994],[104.87880859375002,14.404003906249997],[104.77900390625001,14.427832031249991],[104.57578125000003,14.390039062499994],[104.41162109375,14.369580078124997],[104.22773437500001,14.3955078125],[104.05429687500003,14.362744140624997],[103.98183593750002,14.35791015625],[103.89863281250001,14.36279296875],[103.818359375,14.362158203124991],[103.74189453125001,14.374169921874994],[103.60039062499999,14.421093749999997],[103.54638671875,14.417431640624997],[103.43242187499999,14.378613281249997],[103.3134765625,14.351318359375],[103.19941406250001,14.332617187499991],[103.03105468749999,14.252539062499991],[102.90927734375003,14.13671875],[102.87324218750001,14.054882812499997],[102.81279296874999,13.972460937500003],[102.72890625000002,13.841894531249991],[102.62041015624999,13.716943359374994],[102.54472656249999,13.659960937500003],[102.56552734375003,13.626367187499994],[102.546875,13.585693359375],[102.42851562499999,13.567578124999997],[102.33632812500002,13.560302734375],[102.31972656250002,13.539990234374997],[102.33076171875001,13.288232421874994],[102.36298828125001,13.192968749999991],[102.42265624999999,13.077978515624991],[102.46171874999999,13.015039062499994],[102.49072265625,12.828320312499997],[102.49960937500003,12.669970703124989],[102.62968749999999,12.569921874999991],[102.70332031250001,12.493505859374991],[102.75566406249999,12.42626953125],[102.73740234375003,12.383398437499991],[102.70625000000001,12.255664062499989],[102.73662109374999,12.089794921874997],[102.91806640625003,11.732080078124994],[102.93388671874999,11.706689453124994],[102.91230468750001,11.703857421875],[102.88369140625002,11.772753906249989],[102.79160156250003,11.888623046874997],[102.76298828124999,12.012451171875],[102.65488281250003,12.148828124999994],[102.59414062500002,12.203027343749994],[102.57480468750003,12.157812499999991],[102.54023437500001,12.109228515624991],[102.43408203125,12.179248046874989],[102.34316406250002,12.252587890624994],[102.25908203124999,12.394335937499989],[102.24843750000002,12.361425781249991],[102.22958984375003,12.331640624999991],[102.13417968750002,12.443017578124994],[102.03437500000001,12.531884765624994],[101.94453125000001,12.563671874999997],[101.88906250000002,12.59326171875],[101.83574218749999,12.640380859375],[101.7236328125,12.689355468749994],[101.44492187500003,12.618945312499989],[101.09023437500002,12.673632812499989],[100.95371093750003,12.621240234374994],[100.89775390624999,12.65380859375],[100.86328125,12.714501953124994],[100.89638671875002,12.818164062499989],[100.90390625000003,13.034912109375],[100.94609374999999,13.187255859375],[100.92626953125,13.303027343750003],[100.94697265625001,13.357568359374994],[100.96269531249999,13.431982421874991],[100.90654296874999,13.46240234375],[100.65605468749999,13.521289062500003],[100.60292968750002,13.568164062500003],[100.53642578124999,13.514453125000003],[100.23564453124999,13.484472656249991],[100.12236328124999,13.439550781249991],[100.01748046875002,13.353173828124994],[99.99052734374999,13.243457031250003],[100.05107421874999,13.171240234374991],[100.08994140625003,13.045654296875],[99.98203125000003,12.771484375],[99.96396484375003,12.690039062499991],[100.00566406249999,12.354736328125],[99.98906249999999,12.170800781249994],[99.93027343750003,12.047460937499991],[99.83710937500001,11.936621093749991],[99.79873046875002,11.748779296875],[99.72548828125002,11.661767578124994],[99.62734375000002,11.462890625],[99.56132812499999,11.215185546874991],[99.51435546875001,11.1005859375],[99.48691406250003,10.889550781249994],[99.28476562500003,10.569140624999989],[99.2373046875,10.388134765624997],[99.1650390625,10.31982421875],[99.19033203125002,10.265869140625],[99.19462890624999,10.175439453124994],[99.16933593750002,9.934179687499991],[99.16074218750003,9.734033203124994],[99.19130859375002,9.627148437499997],[99.28828125000001,9.414599609374989],[99.26503906250002,9.352978515624997],[99.25390625,9.265234374999991],[99.33544921875,9.225439453124991],[99.39384765624999,9.213720703124991],[99.72382812500001,9.314208984375],[99.83554687500003,9.288378906249989],[99.87753906250003,9.194628906249989],[99.90468750000002,9.112890624999991],[99.96064453125001,8.671240234374991],[99.98955078124999,8.589208984374991],[100.05625000000003,8.511132812499994],[100.12929687500002,8.428076171874991],[100.15410156249999,8.442968749999991],[100.15888671875001,8.473779296874994],[100.16347656250002,8.508398437499991],[100.22871093750001,8.424707031249994],[100.27939453125003,8.268505859374997],[100.45351562500002,7.442285156249994],[100.50371093749999,7.337304687499994],[100.54521484374999,7.2269042968749915],[100.43935546875002,7.28076171875],[100.41074218750003,7.464306640624997],[100.38037109375,7.54150390625],[100.34296875000001,7.552880859374994],[100.28378906250003,7.551513671875],[100.27998046875001,7.5843261718749915],[100.32431640625003,7.644189453124994],[100.3173828125,7.715966796874994],[100.25664062499999,7.77490234375],[100.158203125,7.7281249999999915],[100.16074218750003,7.599267578124994],[100.20488281249999,7.500537109374989],[100.37138671874999,7.2801269531249915],[100.42353515625001,7.1878417968749915],[100.48974609375,7.161376953125],[100.58623046874999,7.175976562499997],[100.70166015625,7.081982421874997],[100.79257812500003,6.994677734374989],[101.01787109374999,6.8609374999999915],[101.15439453125003,6.875146484374994],[101.30195312500001,6.9083007812499915],[101.40087890625,6.899560546874994],[101.49794921875002,6.865283203124989],[101.6142578125,6.753955078124989],[101.79921875000002,6.474609375],[102.10107421875,6.242236328124989],[102.068359375,6.1846679687499915],[102.05517578125,6.0966796875],[101.93613281250003,5.9793457031249915],[101.91718750000001,5.911376953125],[101.87363281250003,5.8252929687499915],[101.79072265625001,5.779345703124989],[101.71953124999999,5.7706054687499915],[101.67841796875001,5.77880859375],[101.65000000000003,5.7959960937499915],[101.60136718749999,5.877148437499997],[101.57675781250003,5.902001953124994],[101.55605468750002,5.907763671874989],[101.40419921875002,5.8516601562499915],[101.25703125000001,5.789355468749989],[101.22978515624999,5.733691406249989],[101.19062500000001,5.668749999999989],[101.14765625000001,5.64306640625],[101.11396484375001,5.636767578124989],[101.08173828125001,5.6749023437499915],[101.02519531249999,5.724511718749994],[100.98164062500001,5.771044921874989],[100.99277343750003,5.84619140625],[101.07558593750002,5.956494140624997],[101.08652343750003,6.03369140625],[101.07597656249999,6.166064453124989],[101.05351562499999,6.242578124999994],[101.02939453125003,6.245312499999997],[100.98876953125,6.2576660156249915],[100.87392578125002,6.245410156249989],[100.81650390625003,6.3316406249999915],[100.79374999999999,6.426171874999994],[100.75449218750003,6.4600585937499915],[100.71562499999999,6.480664062499997],[100.62949218750003,6.447998046875],[100.56386718750002,6.467529296875],[100.34541015625001,6.5499023437499915],[100.26142578125001,6.6827148437499915],[100.21660156249999,6.6866210937499915],[100.1767578125,6.671826171874997],[100.16123046875003,6.6416015625],[100.13798828124999,6.488671874999994],[100.119140625,6.4419921874999915],[99.86865234375,6.749902343749994],[99.69599609375001,6.876660156249997],[99.72031250000003,7.106201171875],[99.66777343749999,7.15087890625],[99.60244140625002,7.155322265624989],[99.55302734374999,7.218798828124989],[99.59697265624999,7.355615234374994],[99.52910156249999,7.329492187499994],[99.43515625000003,7.334374999999994],[99.35859375000001,7.372216796874994],[99.30039062500003,7.561328124999989],[99.263671875,7.619042968749994],[99.18339843749999,7.718066406249989],[99.07763671875,7.718066406249989],[99.04267578125001,7.765625],[99.05107421874999,7.887841796874994],[98.97392578124999,7.962792968749994],[98.87246093750002,8.02392578125],[98.78867187500003,8.059814453125],[98.70351562500002,8.256738281249994],[98.63632812500003,8.305029296874991],[98.57919921875003,8.344287109374989],[98.49980468749999,8.317822265624997],[98.47402343750002,8.246923828124991],[98.42099609375003,8.17822265625],[98.36074218750002,8.186962890624997],[98.30546874999999,8.226220703124994],[98.23818359375002,8.423095703125],[98.22695312500002,8.543652343749997],[98.24179687500003,8.767871093749989],[98.32597656249999,8.968945312499997],[98.37138671874999,9.29052734375],[98.44316406249999,9.492822265624994],[98.49296874999999,9.561425781249994],[98.56191406250002,9.837499999999991],[98.70253906250002,10.190380859374997],[98.71845703125001,10.266015624999994],[98.74687499999999,10.350830078125],[98.76835937499999,10.430859374999997],[98.775390625,10.557031249999994],[98.75722656250002,10.623583984374989],[98.75722656250002,10.660937499999989],[98.78691406249999,10.708447265624997],[98.88710937500002,10.788330078125],[99.025390625,10.919970703124989],[99.19013671875001,11.105273437499989],[99.35878906250002,11.389453124999989],[99.44267578124999,11.554394531249997],[99.47792968750002,11.612499999999997],[99.51523437500003,11.630664062499989],[99.57285156250003,11.687158203124994],[99.61250000000001,11.749658203124994],[99.61474609375,11.781201171874997],[99.52294921875,12.089648437499989],[99.462890625,12.190234374999989],[99.43242187499999,12.309033203124997],[99.41630859374999,12.394824218749989],[99.39423828125001,12.4736328125],[99.40507812499999,12.547900390624989],[99.37197265625002,12.59423828125],[99.29736328125,12.652880859374989],[99.21982421875003,12.73974609375],[99.17353515625001,12.881933593749991],[99.17353515625001,12.961328124999994],[99.12392578125002,13.03076171875],[99.107421875,13.103515625],[99.13710937500002,13.172998046874994],[99.17617187500002,13.233056640624994],[99.17167968749999,13.496923828124991],[99.15605468749999,13.575781249999991],[99.13681640625003,13.716699218749994],[99.08623046874999,13.82275390625],[99.0146484375,13.947167968749994],[98.93359375,14.049853515625003],[98.72119140625,14.235742187499994],[98.57001953125001,14.359912109375003],[98.49501953125002,14.472900390625],[98.40019531249999,14.602978515624997],[98.33212890625003,14.696484374999997],[98.24599609375002,14.814746093750003],[98.2021484375,14.975927734374991],[98.17792968750001,15.147412109374997],[98.19101562500003,15.2041015625],[98.23222656249999,15.241357421874994],[98.2861328125,15.271582031249991],[98.32939453124999,15.278564453125],[98.4521484375,15.357373046874997],[98.53730468750001,15.350683593749991],[98.55693359374999,15.36767578125],[98.56523437499999,15.403564453125],[98.55449218749999,15.559765624999997],[98.55820312500003,15.768603515625003],[98.57402343749999,15.938623046874994],[98.59238281250003,16.050683593749994],[98.81796875000003,16.180810546874994],[98.86552734374999,16.237060546875],[98.88847656249999,16.298095703125],[98.88828125000003,16.35190429687499],[98.86933593750001,16.394189453124994],[98.83544921875,16.41757812499999],[98.68925781249999,16.305419921875],[98.66074218750003,16.33041992187499],[98.59365234375002,16.514794921874994],[98.56474609374999,16.570947265624994],[98.52314453125001,16.63818359375],[98.47812500000003,16.732226562500003],[98.47119140625,16.89501953125],[98.43886718750002,16.97568359374999],[98.25654296875001,17.147656249999997],[98.17460937499999,17.239892578124994],[98.06308593750003,17.373291015625],[97.92929687500003,17.53330078124999],[97.79296875,17.68124999999999],[97.72910156250003,17.775830078124997],[97.70644531250002,17.797119140625],[97.69853515624999,17.833544921875003],[97.73994140625001,17.935302734375],[97.7197265625,18.037402343750003],[97.65156250000001,18.173730468749994],[97.62246093750002,18.258007812499997],[97.63222656250002,18.290332031250003],[97.59931640625001,18.302978515625],[97.52382812500002,18.2958984375],[97.45078125000003,18.359667968750003],[97.38066406249999,18.494287109374994],[97.37392578125002,18.517968749999994],[97.39707031250003,18.517529296874997],[97.48496093750003,18.49423828124999],[97.51513671875,18.497753906249997],[97.57734375000001,18.528710937499994],[97.67158203125001,18.561230468749997],[97.72773437500001,18.572021484375],[97.74589843749999,18.588183593750003],[97.75400390625003,18.620800781249997],[97.7060546875,18.931787109374994],[97.71416015624999,18.996484374999994],[97.80390625000001,19.13046874999999],[97.79355468750003,19.265869140625],[97.81679687500002,19.4599609375],[97.91640625000002,19.59287109374999],[97.9912109375,19.653710937499994],[98.01503906250002,19.74951171875],[98.04902343750001,19.769726562499997],[98.11103515625001,19.762158203124997],[98.23906249999999,19.690673828125],[98.29365234375001,19.687255859375],[98.37128906250001,19.689160156249997],[98.45498046875002,19.69443359374999],[98.49384765625001,19.701318359374994],[98.76064453125002,19.77109374999999],[98.81953125000001,19.778466796874994],[98.87578124999999,19.769580078125003],[98.91669921875001,19.772900390624997],[98.9580078125,19.804931640625],[98.98740234375003,19.861376953125003],[99.02070312500001,20.041796875000003],[99.03974609375001,20.073632812499994],[99.07421875,20.099365234375],[99.13076171875002,20.116601562499994],[99.19687500000003,20.115136718749994],[99.28369140625,20.08041992187499],[99.337890625,20.078906250000003],[99.39921874999999,20.093457031249997],[99.45156250000002,20.118310546874994],[99.48593750000003,20.149853515624997],[99.50166015625001,20.187744140625],[99.48750000000001,20.260644531249994],[99.44794921875001,20.35205078125],[99.45888671875002,20.363037109375],[99.53164062500002,20.342822265625003],[99.638671875,20.320458984374994],[99.72011718750002,20.325439453125],[99.77333984375002,20.34130859375],[99.8251953125,20.384472656249997],[99.89033203125001,20.42441406249999],[99.95429687500001,20.415429687499994],[100.00361328125001,20.379589843749997],[100.12246093750002,20.316650390625],[100.11494140625001,20.25766601562499]]],[[[100.064453125,9.679980468749989],[100.02568359374999,9.711718749999989],[99.998046875,9.747607421874989],[99.9833984375,9.793554687499991],[100.04345703125,9.791650390624994],[100.07304687499999,9.749121093749991],[100.07412109375002,9.696679687499994],[100.064453125,9.679980468749989]]],[[[100.07529296875003,9.529443359374994],[100.0537109375,9.46142578125],[99.96240234375,9.421630859375],[99.93125000000003,9.47607421875],[99.93955078125003,9.559960937499994],[99.95361328125,9.581005859374997],[100.04296875,9.576855468749997],[100.07070312500002,9.586035156249991],[100.07529296875003,9.529443359374994]]],[[[99.64404296875,6.51611328125],[99.60664062500001,6.596826171874994],[99.65400390625001,6.714111328125],[99.70136718750001,6.570556640625],[99.6630859375,6.521923828124997],[99.64404296875,6.51611328125]]],[[[98.57998046875002,7.917041015624989],[98.52939453125003,8.108544921874994],[98.60429687499999,8.057324218749997],[98.59199218750001,7.9339355468749915],[98.57998046875002,7.917041015624989]]],[[[98.25078124999999,9.040820312499989],[98.25839843750003,9.095410156249997],[98.27363281250001,9.1298828125],[98.30117187500002,9.139111328124997],[98.3125,9.080371093749989],[98.30751953125002,9.051464843749997],[98.25078124999999,9.040820312499989]]],[[[99.10439453125002,7.4712890624999915],[99.06787109375,7.495898437499989],[99.03769531250003,7.548486328124994],[99.0380859375,7.625732421875],[99.04511718750001,7.636523437499989],[99.07841796874999,7.591845703124989],[99.10439453125002,7.4712890624999915]]]]}},{"type":"Feature","properties":{"name":"Taiwan"},"geometry":{"type":"Polygon","coordinates":[[[120.94687500000003,22.503076171874994],[120.89736328125002,22.379150390625],[120.87734375000002,22.26220703125],[120.87841796875,22.141552734374997],[120.8642578125,22.032666015624997],[120.83984375,21.924999999999997],[120.74277343750003,21.956005859374997],[120.69013671875001,22.033105468749994],[120.67802734374999,22.15966796875],[120.60761718750001,22.312548828125003],[120.58125000000001,22.356396484374997],[120.47978515624999,22.44189453125],[120.38759765625002,22.484521484374994],[120.31621093749999,22.547607421875],[120.32558593750002,22.542431640624997],[120.27285156250002,22.62744140625],[120.23281250000002,22.717919921874994],[120.15009765625001,22.974902343750003],[120.12158203125,23.037011718749994],[120.08339843750002,23.093701171874997],[120.07246093750001,23.14975585937499],[120.08554687500003,23.212060546874994],[120.12119140625003,23.30517578125],[120.14296875000002,23.399072265624994],[120.12539062500002,23.526611328125],[120.13212890624999,23.65292968749999],[120.15898437499999,23.709033203125003],[120.33697282108635,24.0],[121.6049254640971,24.0],[121.58339843750002,23.860888671875003],[121.52607421875001,23.668261718750003],[121.47714843750003,23.424072265625],[121.3974609375,23.172509765624994],[121.35224609375001,23.067285156249994],[121.2958984375,22.966601562500003],[121.16123046875003,22.7763671875],[121.0087890625,22.620361328125],[120.94687500000003,22.503076171874994]]]}},{"type":"Feature","properties":{"name":"Singapore"},"geometry":{"type":"Polygon","coordinates":[[[103.81992187500003,1.265380859375],[103.65019531249999,1.3255371093749915],[103.70527343750001,1.4234374999999915],[103.81796875000003,1.4470703124999886],[103.90898437499999,1.4159667968749972],[103.96083984375002,1.3922363281249943],[103.99638671874999,1.365234375],[103.9697265625,1.3314453124999943],[103.81992187500003,1.265380859375]]]}},{"type":"Feature","properties":{"name":"Philippines"},"geometry":{"type":"MultiPolygon","coordinates":[[[[121.25449218750003,18.563427734374997],[121.59296875000001,18.37646484375],[121.716796875,18.330078125],[121.84560546875002,18.29541015625],[121.94755859374999,18.28515625],[122.03847656250002,18.327929687500003],[122.07695312499999,18.37167968749999],[122.14667968750001,18.486572265625],[122.22119140625,18.500634765624994],[122.26552734375002,18.45883789062499],[122.2998046875,18.402783203124997],[122.31503906250003,18.3203125],[122.29384765625002,18.234277343749994],[122.22285156250001,18.157128906249994],[122.17949218749999,18.064257812500003],[122.15097656250003,17.756494140624994],[122.15234375,17.66440429687499],[122.17519531250002,17.57568359375],[122.23681640625,17.434863281250003],[122.26904296875,17.395263671875],[122.3623046875,17.344873046874994],[122.38749999999999,17.306787109374994],[122.39287109374999,17.23837890624999],[122.40751953124999,17.178124999999994],[122.46787109375003,17.15512695312499],[122.51914062500003,17.12485351562499],[122.5,17.058007812499994],[122.46796875000001,16.990039062500003],[122.42578125,16.822656249999994],[122.22587890624999,16.435205078124994],[122.21416015624999,16.351513671874997],[122.13515625000002,16.184814453125],[121.97470703125003,16.157910156249997],[121.78867187500003,16.077441406250003],[121.68515625000003,16.01474609374999],[121.59531250000003,15.933251953124994],[121.56093750000002,15.826757812499991],[121.59042968750003,15.778027343749997],[121.60917968749999,15.726025390624997],[121.60703125000003,15.669824218749994],[121.57919921875003,15.623193359374994],[121.48984375000003,15.509521484375],[121.45205078125002,15.416650390624994],[121.41191406249999,15.375048828125003],[121.39228515625001,15.324414062499997],[121.39892578125,15.2666015625],[121.43496093750002,15.21630859375],[121.5439453125,14.999169921874994],[121.66054687500002,14.789501953124997],[121.68564453125003,14.765429687500003],[121.69541015625003,14.7373046875],[121.62656250000003,14.681738281249991],[121.6279296875,14.581152343749991],[121.64853515625003,14.481494140625003],[121.75185546875002,14.234179687500003],[121.7666015625,14.168066406249991],[121.80048828125001,14.113867187499991],[121.85332031249999,14.063085937499991],[121.91171875000003,14.020410156249994],[122.07958984375,13.947119140624991],[122.14433593749999,13.932714843749991],[122.21171874999999,13.93017578125],[122.22841796875002,13.9794921875],[122.28750000000002,13.996191406249991],[122.2744140625,14.044726562500003],[122.20253906250002,14.111669921874991],[122.19970703125,14.148046874999991],[122.23750000000001,14.175048828125],[122.28261718750002,14.190820312499994],[122.38369140625002,14.263867187499997],[122.49082031250003,14.322363281249991],[122.62714843750001,14.317529296874994],[122.76103515624999,14.284863281249997],[122.85605468750003,14.250781250000003],[122.93417968750003,14.188085937499991],[123.01455078125002,14.079833984375],[123.07099609375001,13.9599609375],[123.07070312500002,13.902734374999994],[123.05693359374999,13.845458984375],[123.05996093750002,13.788769531249997],[123.10195312500002,13.750244140625],[123.2314453125,13.747363281250003],[123.29697265625003,13.83642578125],[123.30537109375001,13.936572265625003],[123.25927734375,13.975439453124991],[123.28046875000001,14.024804687499994],[123.3203125,14.061669921874994],[123.37744140625,14.028662109374991],[123.43232421875001,13.966259765624997],[123.6328125,13.898486328125003],[123.68408203125,13.897021484375003],[123.72597656250002,13.884326171875003],[123.81572265624999,13.837109374999997],[123.85761718750001,13.799609375000003],[123.80625000000003,13.721728515625003],[123.60712890625001,13.704443359374991],[123.54960937499999,13.645751953125],[123.60810546875001,13.528076171875],[123.70361328125,13.431591796874997],[123.76484375000001,13.353515625],[123.81923828125002,13.269482421874997],[123.81660156250001,13.191601562499997],[123.78515625,13.110546874999997],[123.87275390625001,13.116992187499989],[123.95517578125003,13.099707031249991],[124.06914062499999,13.031933593749997],[124.10458984375003,13.024999999999991],[124.14277343750001,13.035791015624994],[124.13730468750003,12.791162109374994],[124.05976562500001,12.567089843749997],[123.96171874999999,12.594970703125],[123.87783203125002,12.689697265625],[123.89492187500002,12.804980468749989],[123.94853515624999,12.916406249999994],[123.91796875,12.93994140625],[123.86386718750003,12.9306640625],[123.80234375000003,12.905566406249989],[123.73603515625001,12.896923828124997],[123.62675781249999,12.911767578124994],[123.40234375,13.033105468749994],[123.31093750000002,13.044091796874994],[123.29042968750002,13.099023437499994],[123.29550781250003,13.215576171875],[123.20595703125002,13.353515625],[123.19160156250001,13.402880859375003],[123.16328125000001,13.441748046874991],[122.89619140625001,13.591943359374994],[122.86347656250001,13.617236328125003],[122.78134765625003,13.737060546875],[122.59521484375,13.907617187499994],[122.54306640625003,13.925048828125],[122.486328125,13.929980468750003],[122.46796875000001,13.88671875],[122.49375000000003,13.820214843749994],[122.50419921874999,13.763085937499994],[122.50019531250001,13.703173828125003],[122.50800781250001,13.656835937499991],[122.59619140625,13.56201171875],[122.609375,13.517138671875003],[122.66787109375002,13.395361328124991],[122.67509765624999,13.253173828125],[122.59990234374999,13.194140624999989],[122.51523437500003,13.260009765625],[122.51249999999999,13.313623046874994],[122.49794921875002,13.363525390625],[122.40693359375001,13.492773437499991],[122.37656250000003,13.520605468749991],[122.20527343750001,13.648242187500003],[122.07275390625,13.788378906250003],[121.77792968750003,13.937646484374994],[121.74287109375001,13.945849609375003],[121.69169921874999,13.9345703125],[121.64345703125002,13.915966796874997],[121.50107421875003,13.842187499999994],[121.45078125000003,13.790771484375],[121.4462890625,13.711865234374997],[121.34414062500002,13.649121093749997],[121.20351562500002,13.640283203124994],[121.09550781249999,13.679492187500003],[121.00615234374999,13.758105468750003],[120.93232421875001,13.761865234374994],[120.84072265625002,13.884716796874997],[120.72910156250003,13.900537109374994],[120.63710937500002,13.804492187500003],[120.61738281250001,13.995312499999997],[120.61679687500003,14.188037109375003],[120.64267578125003,14.244335937499997],[120.68828124999999,14.291210937499997],[120.92207031250001,14.493115234374997],[120.95156250000002,14.557958984374991],[120.94130859375002,14.645068359375003],[120.88808593750002,14.715771484374997],[120.80449218749999,14.7587890625],[120.70791015625002,14.776611328125],[120.63828125000003,14.816162109375],[120.58369140625001,14.881249999999994],[120.54677734375002,14.76611328125],[120.58271484375001,14.594628906249994],[120.58867187499999,14.483105468749997],[120.5556640625,14.441357421874997],[120.49570312500003,14.440185546875],[120.43876953124999,14.453369140625],[120.39609375000003,14.493310546874994],[120.365234375,14.608300781249994],[120.28388671875001,14.684375000000003],[120.25078124999999,14.793310546874991],[120.2138671875,14.808789062499997],[120.13798828124999,14.800390624999991],[120.08212890625003,14.85107421875],[120.04453125000003,14.978124999999991],[120.03662109375,15.114550781250003],[120.00498046875003,15.229248046875],[119.95937500000002,15.340234374999994],[119.93281250000001,15.430908203125],[119.8916015625,15.837695312500003],[119.88144531250003,15.875],[119.85966796874999,15.90576171875],[119.80820312500003,15.951953125000003],[119.76894531250002,16.008447265624994],[119.76181640625003,16.054980468750003],[119.77255859375003,16.255126953125],[119.79023437500001,16.30332031249999],[119.83076171875001,16.326562499999994],[119.88613281250002,16.287402343750003],[119.93037109375001,16.23876953125],[119.98515624999999,16.21542968749999],[120.03339843750001,16.1845703125],[120.1240234375,16.066210937500003],[120.15976562500003,16.047656250000003],[120.27128906249999,16.051416015624994],[120.33701171875003,16.066455078125003],[120.36875000000003,16.109570312499997],[120.38876953125003,16.160937500000003],[120.38925781250003,16.221630859374997],[120.32499999999999,16.400341796874997],[120.30527343750003,16.529248046874997],[120.30439453125001,16.645458984374997],[120.32119140625002,16.761865234374994],[120.40888671875001,16.955615234375003],[120.42011718750001,17.090087890625],[120.41171875000003,17.269921874999994],[120.42714843750002,17.376904296874997],[120.42451171875001,17.43833007812499],[120.3720703125,17.535107421874997],[120.3583984375,17.63818359375],[120.50507812500001,18.162646484375003],[120.55097656250001,18.264062499999994],[120.58447265625,18.36874999999999],[120.59970703125003,18.507861328125003],[120.70937500000002,18.545947265625003],[120.81376953124999,18.603417968749994],[120.86777343750003,18.598925781250003],[120.92500000000001,18.585107421874994],[121.05136718750003,18.613671874999994],[121.1015625,18.615283203125003],[121.25449218750003,18.563427734374997]]],[[[117.21855468749999,8.367285156249991],[117.228515625,8.456689453124994],[117.255859375,8.540966796874997],[117.34990234374999,8.713574218749997],[117.41777343749999,8.766650390624989],[117.52998046875001,8.902587890625],[117.59326171875,8.968310546874989],[117.74492187499999,9.098242187499991],[117.884765625,9.240673828124997],[117.93154296875002,9.251269531249989],[117.98300781250003,9.25341796875],[118.02382812500002,9.269775390625],[118.11484375000003,9.3466796875],[118.34394531250001,9.602783203125],[118.53339843750001,9.793652343749997],[118.7275390625,10.035009765624991],[118.82011718749999,10.105322265624991],[118.84511718750002,10.131298828124997],[119.02382812500002,10.353564453124989],[119.07988281249999,10.385839843749991],[119.14306640625,10.409277343749991],[119.18603515625,10.439453125],[119.22382812500001,10.477294921875],[119.28701171875002,10.574023437499989],[119.31269531250001,10.687109374999991],[119.29667968749999,10.7509765625],[119.26113281250002,10.845166015624997],[119.3056640625,10.9736328125],[119.34072265625002,11.032910156249997],[119.46533203125,11.293798828124991],[119.50126953124999,11.346435546875],[119.55332031250003,11.313525390624989],[119.56025390625001,11.266796874999997],[119.53457031250002,11.156835937499991],[119.53261718750002,11.101611328124989],[119.56191406250002,11.045507812499991],[119.52666015624999,10.953173828124989],[119.61611328125002,10.707373046874991],[119.68437499999999,10.551708984374997],[119.68691406250002,10.500341796874991],[119.59521484375,10.407421874999997],[119.54052734375,10.379345703124997],[119.42246093750003,10.354394531249994],[119.36933593750001,10.327294921874994],[119.28476562500003,10.251708984375],[119.23193359375,10.152148437499989],[119.21855468749999,10.100683593749991],[119.19150390625003,10.061083984374989],[118.94863281250002,9.993457031249989],[118.83466796875001,9.949316406249991],[118.78212890625002,9.916113281249991],[118.75498046875003,9.862109374999989],[118.77382812500002,9.766796874999997],[118.56962890624999,9.422753906249994],[118.50449218750003,9.332666015624994],[118.43496093750002,9.256005859374994],[118.349609375,9.201464843749989],[118.22929687499999,9.16796875],[118.13408203124999,9.101367187499989],[118.06943359375003,8.983544921874994],[117.98955078124999,8.877099609374994],[117.88857421875002,8.798242187499994],[117.77978515625,8.728613281249991],[117.67988281250001,8.677832031249991],[117.57216796875002,8.641992187499994],[117.53964843750003,8.595605468749994],[117.5166015625,8.538330078125],[117.46914062500002,8.511376953124994],[117.41250000000002,8.495849609375],[117.31113281250003,8.439599609374994],[117.21855468749999,8.367285156249991]]],[[[122.61269531250002,11.564160156249997],[122.72626953125001,11.60791015625],[122.83808593750001,11.595654296874997],[122.93125000000003,11.529296875],[122.90078125000002,11.487353515624989],[122.89453125,11.441308593749994],[123.10273437500001,11.541455078124997],[123.15830078125003,11.535546874999994],[123.15644531250001,11.442529296874994],[123.14414062500003,11.363574218749989],[123.11953125000002,11.286816406249997],[123.07548828124999,11.196874999999991],[123.01650390625002,11.116503906249989],[122.93876953124999,11.058154296874989],[122.8466796875,11.0224609375],[122.80292968750001,10.990039062499989],[122.78945312500002,10.941210937499989],[122.79111328125003,10.879736328124991],[122.76992187500002,10.823828124999991],[122.67314453124999,10.800927734374994],[122.52207031250003,10.69189453125],[122.19765625000002,10.622900390624991],[122.10859375000001,10.575537109374991],[122.0517578125,10.514062499999994],[121.98837890625003,10.458300781249989],[121.95400390625002,10.444384765624989],[121.93828124999999,10.470898437499997],[121.93378906250001,10.49365234375],[121.98007812500003,10.638574218749994],[121.97236328125001,10.698876953124994],[121.95029296875003,10.757373046874989],[121.96435546875,10.871679687499991],[122.02070312500001,10.979101562499991],[122.05087890625003,11.097363281249997],[122.05966796875003,11.32568359375],[122.103515625,11.642919921874991],[122.10136718749999,11.680859374999997],[122.06699218750003,11.723730468749991],[121.94082031250002,11.75830078125],[121.89121093750003,11.790869140624991],[121.916015625,11.854345703124991],[121.96367187499999,11.897363281249994],[122.02919921875002,11.895410156249994],[122.08681640625002,11.855078124999991],[122.29072265625001,11.772021484374989],[122.39921874999999,11.702197265624989],[122.49619140625003,11.615087890624991],[122.61269531250002,11.564160156249997]]],[[[123.06464843750001,9.053369140624994],[122.99472656250003,9.058837890625],[122.94785156250003,9.107958984374989],[122.86660156250002,9.31982421875],[122.7724609375,9.371337890625],[122.66455078125,9.410351562499997],[122.6103515625,9.443212890624991],[122.5625,9.482812499999994],[122.41093749999999,9.693896484374989],[122.39951171875003,9.823046874999989],[122.42558593749999,9.896093749999991],[122.47148437499999,9.961523437499991],[122.52324218749999,9.979199218749997],[122.64824218749999,9.981542968749991],[122.71298828125003,9.990136718749994],[122.85556640625003,10.0869140625],[122.86582031250003,10.125],[122.86650390624999,10.284033203124991],[122.85234374999999,10.395263671875],[122.81699218750003,10.503808593749994],[122.85556640625003,10.553417968749997],[122.90585937500003,10.6025390625],[122.95839843750002,10.698339843749991],[122.96875,10.765722656249991],[122.9697265625,10.836181640625],[122.98330078125002,10.886621093749994],[123.0244140625,10.911816406249997],[123.22177734375003,10.988671874999994],[123.25664062499999,10.993945312499989],[123.51064453125002,10.923046874999997],[123.5625,10.816064453124994],[123.56757812500001,10.78076171875],[123.52773437500002,10.662011718749994],[123.49287109375001,10.582324218749989],[123.40693359375001,10.458984375],[123.34355468749999,10.325390624999997],[123.29609375000001,10.12451171875],[123.26621093750003,10.059033203124997],[123.18662109375003,9.933300781249997],[123.16201171875002,9.8642578125],[123.16269531250003,9.714648437499989],[123.1494140625,9.659326171874994],[123.14980468750002,9.606152343749997],[123.30839843749999,9.356982421874989],[123.32187500000003,9.317480468749991],[123.32050781250001,9.27294921875],[123.29335937500002,9.21728515625],[123.22871093750001,9.121386718749989],[123.19248046875003,9.087890625],[123.130859375,9.064111328124994],[123.06464843750001,9.053369140624994]]],[[[124.64433593749999,11.30810546875],[124.72431640625001,11.322070312499989],[124.82109374999999,11.401416015624989],[124.92998046874999,11.372851562499989],[124.99394531249999,11.255908203124989],[125.02656250000001,11.211718749999989],[125.04433593750002,11.13525390625],[125.03974609375001,10.951904296875],[125.01318359375,10.785693359374989],[125.03378906250003,10.75146484375],[125.08388671875002,10.721582031249994],[125.12753906250003,10.684716796874994],[125.16416015625003,10.637451171875],[125.18769531250001,10.584863281249994],[125.19716796875002,10.457226562499997],[125.26005859374999,10.349609375],[125.26845703125002,10.307714843749991],[125.25332031250002,10.263818359374994],[125.1484375,10.272412109374997],[125.14003906250002,10.2353515625],[125.142578125,10.189453125],[125.10537109375002,10.218310546874989],[125.0439453125,10.323437499999997],[124.98750000000001,10.367578124999994],[125.0048828125,10.197070312499989],[125.02353515625003,10.115283203124989],[125.02656250000001,10.033105468749994],[124.92910156250002,10.095898437499997],[124.81279296874999,10.134619140624991],[124.78076171875,10.168066406249991],[124.79169921875001,10.274560546874994],[124.78955078125,10.327539062499994],[124.73769531250002,10.439746093749989],[124.79863281249999,10.682226562499991],[124.79716796874999,10.731787109374991],[124.78671875000003,10.781396484374994],[124.73867187500002,10.879736328124991],[124.66269531250003,10.961962890624989],[124.61611328125002,10.962207031249989],[124.50283203125002,10.904443359374994],[124.44550781250001,10.923583984375],[124.41171875000003,11.150341796874997],[124.36601562499999,11.370703124999991],[124.33095703125002,11.427099609374991],[124.30820312500003,11.486181640624991],[124.33066406250003,11.535205078124989],[124.37412109375003,11.514990234374991],[124.43593750000002,11.457226562499997],[124.51093750000001,11.423876953124989],[124.54824218750002,11.39501953125],[124.57460937500002,11.343066406249989],[124.64433593749999,11.30810546875]]],[[[125.31035156249999,12.4462890625],[125.32753906250002,12.38720703125],[125.32021484375002,12.321826171874989],[125.35224609375001,12.292773437499989],[125.40878906250003,12.284863281249997],[125.48124999999999,12.251953125],[125.53564453125,12.19140625],[125.50332031250002,12.135791015624989],[125.51337890625001,12.054589843749994],[125.45654296875,11.952539062499994],[125.46425781250002,11.771582031249991],[125.49687499999999,11.713769531249994],[125.5,11.655419921874994],[125.49179687500003,11.594335937499991],[125.50576171875002,11.544238281249989],[125.59296875000001,11.378222656249989],[125.60898437500003,11.323046874999989],[125.58232421874999,11.279492187499997],[125.57353515624999,11.238232421874997],[125.62734375000002,11.23388671875],[125.70400390625002,11.164794921875],[125.74912109375003,11.073583984374991],[125.73564453124999,11.049609374999989],[125.67441406250003,11.120800781249997],[125.62812500000001,11.132031249999997],[125.43183593750001,11.112597656249989],[125.3115234375,11.142285156249997],[125.2333984375,11.145068359374989],[125.15585937500003,11.267041015624997],[125.087890625,11.287353515625],[125.03427734375003,11.341259765624997],[124.9453125,11.479150390624994],[124.9169921875,11.558398437499989],[124.97890625000002,11.638476562499989],[124.99824218750001,11.702343749999997],[124.99501953125002,11.764941406249989],[124.93564453125003,11.754638671875],[124.88427734375,11.775488281249991],[124.82109374999999,11.852099609374989],[124.79580078125002,11.896337890624991],[124.74980468749999,11.933349609375],[124.6767578125,12.020898437499994],[124.57187500000003,12.055126953124997],[124.52910156249999,12.079199218749991],[124.44570312500002,12.152783203124997],[124.38486328125003,12.243994140624991],[124.32578125000003,12.40380859375],[124.29472656249999,12.5693359375],[124.56582031250002,12.526220703124991],[124.84013671874999,12.534570312499994],[125.15019531249999,12.572558593749989],[125.23955078124999,12.527880859374989],[125.31035156249999,12.4462890625]]],[[[120.75537109375,13.470996093750003],[120.91533203124999,13.501074218749991],[120.98076171874999,13.485986328124994],[121.02470703124999,13.4287109375],[121.07929687500001,13.410742187499991],[121.12246093750002,13.381249999999994],[121.20273437500003,13.432324218749997],[121.28437500000001,13.374121093749991],[121.35683593750002,13.265478515624991],[121.44218749999999,13.188427734374997],[121.52275390624999,13.131201171874991],[121.53867187500003,13.0888671875],[121.48974609375,13.019580078124989],[121.47480468750001,12.931591796874997],[121.47968750000001,12.837109374999997],[121.54062500000003,12.63818359375],[121.51923828125001,12.584228515625],[121.4580078125,12.507958984374994],[121.41230468750001,12.423046874999997],[121.41816406250001,12.388769531249991],[121.40009765625001,12.360742187499994],[121.39433593749999,12.300585937499989],[121.35683593750002,12.313085937499991],[121.32236328125003,12.303613281249994],[121.28886718749999,12.276708984374991],[121.23671875000002,12.218798828124989],[121.15546875000001,12.236328125],[121.11699218749999,12.25341796875],[121.10761718750001,12.303613281249994],[121.08339843750002,12.338964843749991],[121.04853515625001,12.359960937499991],[120.96250000000003,12.446533203125],[120.92216796874999,12.511621093749994],[120.92148437500003,12.581103515624989],[120.8994140625,12.645849609374991],[120.85478515624999,12.703662109374989],[120.79599609375003,12.747998046874997],[120.7763671875,12.790576171874989],[120.76875000000001,12.840917968749991],[120.763671875,12.969824218749991],[120.68027343750003,13.130615234375],[120.6513671875,13.169140624999997],[120.57314453125002,13.208886718749994],[120.50830078125,13.260058593750003],[120.48066406250001,13.31103515625],[120.45546875000002,13.393505859374997],[120.43808593750003,13.405419921874994],[120.38749999999999,13.401660156250003],[120.33847656250003,13.412353515625],[120.35273437500001,13.472949218750003],[120.40126953125002,13.517041015624997],[120.46835937500003,13.522412109374997],[120.6533203125,13.497607421875003],[120.70439453124999,13.4794921875],[120.75537109375,13.470996093750003]]],[[[126.08759765625001,9.2607421875],[126.193359375,9.276708984374991],[126.19199218750003,9.124902343749994],[126.20908203125003,9.08056640625],[126.30458984375002,8.952050781249994],[126.31953125000001,8.8447265625],[126.26298828124999,8.743945312499989],[126.22021484375,8.6962890625],[126.1416015625,8.627294921874991],[126.13955078125002,8.595654296874997],[126.17304687500001,8.56005859375],[126.28232421875003,8.539306640625],[126.36533203125003,8.48388671875],[126.37978515625002,8.326757812499991],[126.45869140625001,8.202832031249997],[126.45664062500003,8.148779296874991],[126.42529296875,7.927441406249997],[126.43535156249999,7.832812499999989],[126.49443359374999,7.756982421874994],[126.54443359375,7.724804687499997],[126.57011718749999,7.67724609375],[126.59335937500003,7.546777343749994],[126.58925781250002,7.325146484374997],[126.58154296875,7.247753906249997],[126.54667968749999,7.175830078124989],[126.43906250000003,7.012353515624994],[126.29404296875003,6.88232421875],[126.21689453125003,6.891015624999994],[126.19208984375001,6.8525390625],[126.240234375,6.73388671875],[126.22119140625,6.4833984375],[126.18935546875002,6.3096679687499915],[126.14248046875002,6.3975585937499915],[126.10976562500002,6.489648437499994],[126.080078125,6.733349609374997],[126.04306640625003,6.843164062499994],[125.98496093750003,6.943554687499997],[125.96162109375001,7.033203125],[125.90117187499999,7.116992187499989],[125.82441406250001,7.333300781249989],[125.77363281250001,7.322167968749994],[125.68925781249999,7.2630371093749915],[125.67021484374999,7.222314453124994],[125.66025390625003,7.160595703124997],[125.64072265625003,7.1050781249999915],[125.54218750000001,7.0166015625],[125.46474609375002,6.9111328125],[125.40097656250003,6.7957519531249915],[125.38066406249999,6.68994140625],[125.43291015624999,6.607128906249997],[125.48662109374999,6.57373046875],[125.56455078125003,6.4996093749999915],[125.58847656250003,6.465771484374997],[125.67070312499999,6.224999999999994],[125.66796875,5.978662109374994],[125.60781250000002,5.870166015624989],[125.45585937499999,5.664257812499997],[125.34648437499999,5.5989746093749915],[125.28789062499999,5.632275390624997],[125.24101562499999,5.7569335937499915],[125.23320312499999,5.808300781249997],[125.26494140624999,5.925585937499989],[125.26845703125002,6.033154296874997],[125.23154296875003,6.069531249999997],[125.19101562500003,6.0625],[125.17402343750001,6.0469726562499915],[125.076171875,5.90625],[125.03535156250001,5.870654296874989],[124.97519531250003,5.86572265625],[124.92734375000003,5.8753417968749915],[124.63632812500003,5.998193359374994],[124.39882812500002,6.1197265624999915],[124.21279296875002,6.2332519531249915],[124.078125,6.404443359374994],[124.04970703125002,6.5325683593749915],[124.04814453124999,6.666552734374989],[123.98789062500003,6.862988281249997],[123.98085937500002,6.9296875],[123.98525390625002,6.993701171874989],[124.04511718750001,7.1141113281249915],[124.11757812500002,7.175097656249989],[124.158203125,7.218798828124989],[124.19072265624999,7.267333984375],[124.212890625,7.3321289062499915],[124.20664062500003,7.396435546874997],[124.18242187499999,7.436718749999997],[124.06796875000003,7.577880859375],[123.96845703125001,7.6646484374999915],[123.76474609375003,7.742626953124997],[123.71738281250003,7.785400390625],[123.66582031249999,7.817773437499994],[123.60888671875,7.8316406249999915],[123.55322265625,7.8321289062499915],[123.49306640625002,7.807910156249989],[123.47744140625002,7.75634765625],[123.48164062500001,7.710253906249989],[123.47636718749999,7.6653808593749915],[123.39091796874999,7.407519531249989],[123.28203124999999,7.464111328125],[123.17822265625,7.529443359374994],[123.15068359374999,7.5751953125],[123.13876953125003,7.629931640624989],[123.12119140625003,7.666894531249994],[123.0966796875,7.700439453125],[123.04892578125003,7.6143554687499915],[122.98955078124999,7.546289062499994],[122.91689453125002,7.530517578125],[122.84296875000001,7.529296875],[122.81875000000002,7.558496093749994],[122.79179687499999,7.722460937499989],[122.71396484375003,7.774121093749997],[122.6162109375,7.763134765624997],[122.49794921875002,7.672753906249994],[122.47441406249999,7.638964843749989],[122.44863281250002,7.5611328124999915],[122.31972656250002,7.340234374999994],[122.25146484375,7.1700195312499915],[122.17617187500002,7.004199218749989],[122.14248046875002,6.949658203124997],[122.09814453125,6.913720703124994],[122.02763671874999,6.928613281249994],[121.96425781250002,6.968212890624997],[121.90419921875002,7.0751953125],[121.92460937499999,7.199511718749989],[121.99111328125002,7.278759765624997],[122.04716796874999,7.363574218749989],[122.11484375000003,7.659912109375],[122.11992187499999,7.765380859375],[122.1318359375,7.810498046874997],[122.24335937500001,7.945117187499989],[122.33710937500001,8.028417968749991],[122.38671875,8.0458984375],[122.58945312500003,8.093310546874989],[122.67294921875003,8.133105468749989],[122.80439453125001,8.133691406249994],[122.9111328125,8.156445312499997],[122.99628906250001,8.220507812499989],[123.00273437499999,8.286914062499989],[122.99882812499999,8.356054687499991],[123.017578125,8.398339843749994],[123.05058593749999,8.433935546874991],[123.09589843750001,8.480810546874991],[123.14716796875001,8.516015624999994],[123.29287109375002,8.541455078124997],[123.34121093750002,8.570410156249991],[123.38017578124999,8.615624999999994],[123.4345703125,8.703320312499997],[123.49892578125002,8.681542968749994],[123.56367187500001,8.6474609375],[123.68007812500002,8.62060546875],[123.78339843750001,8.547705078124991],[123.84921875000003,8.432714843749991],[123.86054687500001,8.376074218749991],[123.87744140625,8.188818359374991],[123.85341796875002,8.145117187499991],[123.75312500000001,8.058251953124994],[123.79941406250003,8.049121093749989],[123.93115234375,8.12841796875],[123.99687499999999,8.158984374999989],[124.15937500000001,8.201464843749989],[124.19765625000002,8.229541015624989],[124.22578125000001,8.271386718749994],[124.283203125,8.385986328125],[124.3251953125,8.508447265624994],[124.35791015625,8.559423828124991],[124.40488281250003,8.599853515625],[124.45126953125003,8.606347656249994],[124.62177734375001,8.522656249999997],[124.73115234375001,8.56298828125],[124.76171875,8.689794921874991],[124.78681640625001,8.874121093749991],[124.80615234375,8.924023437499997],[124.86894531249999,8.972265624999991],[124.94384765625,8.956689453124994],[125.04638671875,8.890527343749994],[125.14101562500002,8.868749999999991],[125.17617187500002,8.922070312499997],[125.20966796875001,9.027148437499989],[125.24785156249999,9.026562499999997],[125.37558593750003,8.991796874999991],[125.49873046875001,9.014746093749991],[125.53339843750001,9.140917968749989],[125.51015625000002,9.27587890625],[125.41396484375002,9.669189453125],[125.47128906250003,9.756787109374997],[125.52089843750002,9.759130859374991],[125.64248046875002,9.654492187499997],[125.87666015625001,9.513134765624997],[125.95468750000003,9.426660156249994],[126.00595703125003,9.320947265624994],[126.08759765625001,9.2607421875]]],[[[123.33173828125001,9.422949218749991],[123.31601562500003,9.488964843749997],[123.32705078125002,9.578076171874997],[123.40371093750002,9.889257812499991],[123.38623046875,9.967089843749989],[123.51435546875001,10.140332031249997],[123.59287109375003,10.302929687499997],[123.71142578125,10.473681640624989],[123.72646484375002,10.562207031249997],[123.83154296875,10.731005859374989],[123.92988281250001,10.963818359374997],[123.92460937499999,11.040917968749994],[123.95009765625002,11.079150390624989],[123.96406250000001,11.137451171875],[123.96718750000002,11.186914062499994],[124.03886718749999,11.273535156249991],[124.05791015624999,11.217236328124997],[124.03652343750002,11.106689453125],[124.03984374999999,11.053613281249994],[124.05253906249999,11.028759765624997],[124.05332031250003,10.92578125],[124.02753906250001,10.767871093749989],[124.05126953125,10.585595703124994],[124.00498046875003,10.400097656249997],[123.9521484375,10.316601562499997],[123.87392578125002,10.257714843749994],[123.78867187500003,10.220800781249991],[123.70048828124999,10.128320312499994],[123.64335937499999,10.020214843749997],[123.63398437500001,9.921728515624991],[123.49355468750002,9.589306640624997],[123.37031250000001,9.449609374999994],[123.33173828125001,9.422949218749991]]],[[[121.85820312499999,18.822900390624994],[121.8251953125,18.842724609374997],[121.86074218750002,18.912548828124997],[121.85976562500002,18.936767578125],[121.88886718750001,18.99155273437499],[121.943359375,19.010449218749997],[121.98789062500003,18.95664062499999],[121.92167968749999,18.894726562499997],[121.85820312499999,18.822900390624994]]],[[[121.53125,19.27133789062499],[121.47207031250002,19.273339843749994],[121.38291015625003,19.32846679687499],[121.37460937500003,19.35629882812499],[121.3759765625,19.379687500000003],[121.3916015625,19.399365234374997],[121.52089843750002,19.361962890624994],[121.53125,19.27133789062499]]],[[[121.94130859375002,20.353710937499997],[121.9140625,20.359423828125003],[121.94121093749999,20.45371093749999],[121.9912109375,20.47958984374999],[122.03115234375002,20.469384765624994],[121.96005859375003,20.365869140624994],[121.94130859375002,20.353710937499997]]],[[[121.82958984375,20.70029296874999],[121.79062500000003,20.701171875],[121.79648437500003,20.746630859375003],[121.84785156250001,20.841259765624997],[121.86699218749999,20.83920898437499],[121.87812500000001,20.781884765624994],[121.82958984375,20.70029296874999]]],[[[121.2138671875,6.0035156249999915],[121.28251953124999,6.022265624999989],[121.39150390625002,6.002099609374994],[121.41464843750003,5.964501953124994],[121.41103515625002,5.939843749999994],[121.29443359375,5.8699707031249915],[121.21816406250002,5.9427246093749915],[121.0830078125,5.893017578124997],[121.0185546875,5.9229492187499915],[120.9306640625,5.896191406249997],[120.87636718750002,5.95263671875],[120.89824218749999,6.0069335937499915],[121.03769531250003,6.095996093749989],[121.15937500000001,6.075634765624997],[121.2138671875,6.0035156249999915]]],[[[117.0283203125,7.807519531249994],[116.96953124999999,7.894921874999994],[116.97578125000001,8.016650390624989],[116.99355468750002,8.050537109375],[117.07705078125002,8.069140624999989],[117.07988281249999,7.8833984374999915],[117.0283203125,7.807519531249994]]],[[[119.79316406250001,10.455273437499997],[119.76445312499999,10.551611328124991],[119.85205078125,10.64013671875],[119.9501953125,10.604785156249989],[120.00839843750003,10.570117187499989],[119.98115234375001,10.538720703124994],[119.91621093750001,10.485986328124994],[119.79316406250001,10.455273437499997]]],[[[120.15468750000002,12.152392578124989],[120.19375000000002,12.167041015624989],[120.22822265625001,12.219824218749991],[120.26054687499999,12.141748046874994],[120.34140625000003,12.077441406249989],[120.31455078125003,12.012402343749997],[120.24345703124999,12.004785156249994],[120.17363281249999,12.019628906249991],[120.10009765625,11.993749999999991],[120.01054687499999,12.008251953124997],[119.95703125,12.069238281249994],[119.89609375000003,12.178759765624989],[119.86591796875001,12.199023437499989],[119.86962890625,12.243994140624991],[119.89179687500001,12.272509765624989],[119.88007812500001,12.279882812499991],[119.8857421875,12.299853515624989],[119.89667968750001,12.313427734374997],[119.91640625000002,12.319091796875],[119.9638671875,12.270410156249994],[120.07753906250002,12.19775390625],[120.10000000000002,12.167675781249997],[120.15468750000002,12.152392578124989]]],[[[119.9638671875,11.669384765624997],[119.94492187500003,11.690722656249989],[119.93173828125003,11.740332031249991],[119.93281250000001,11.774462890624989],[119.86093750000003,11.953955078124991],[119.916015625,11.981347656249994],[119.95654296875,11.960253906249989],[119.99785156249999,11.93212890625],[120.03593749999999,11.917236328125],[120.07070312500002,11.860546874999997],[120.06240234375002,11.821337890624989],[120.07314453125002,11.783496093749989],[120.03876953125001,11.703320312499997],[119.9638671875,11.669384765624997]]],[[[122.62187499999999,10.459033203124989],[122.59716796875,10.461035156249991],[122.53837890624999,10.424951171874994],[122.51669921875003,10.492529296874991],[122.53750000000002,10.607568359374994],[122.62578124999999,10.695019531249997],[122.6484375,10.722509765624991],[122.67255859375001,10.738818359374989],[122.70126953125003,10.740624999999994],[122.72919921875001,10.706396484374991],[122.73720703125002,10.654589843749989],[122.68125000000003,10.498242187499997],[122.64951171875003,10.472705078124989],[122.62187499999999,10.459033203124989]]],[[[124.58427734374999,9.75048828125],[124.50566406249999,9.753515624999991],[124.4775390625,9.747900390624991],[124.40341796875003,9.654101562499989],[124.35986328125,9.630224609374991],[124.12246093750002,9.599316406249997],[123.93564453125003,9.623974609374997],[123.87167968750003,9.675732421874997],[123.82998046875002,9.761132812499994],[123.81718749999999,9.8173828125],[123.86386718750003,9.878808593749994],[123.90888671875001,9.919628906249997],[124.05976562500001,10.000195312499997],[124.09384765625003,10.061328124999989],[124.1728515625,10.135205078124997],[124.33574218749999,10.159912109375],[124.3515625,10.141357421875],[124.37324218750001,10.129589843749997],[124.40585937500003,10.126416015624997],[124.486328125,10.065478515624989],[124.5771484375,10.026708984374991],[124.55507812500002,9.879199218749989],[124.58222656250001,9.82958984375],[124.59384765625003,9.787207031249991],[124.58427734374999,9.75048828125]]],[[[120.22324218750003,5.196240234374997],[120.19160156250001,5.1683105468749915],[120.15000000000003,5.18408203125],[120.11835937500001,5.215380859374989],[120.1005859375,5.168994140624989],[120.01328125000003,5.151123046875],[119.95810546875003,5.079541015624997],[119.87753906250003,5.060205078124994],[119.82148437500001,5.069531249999997],[119.82734375000001,5.1331542968749915],[119.98271484374999,5.228417968749994],[120.07968750000003,5.263623046874997],[120.16523437500001,5.332421874999994],[120.2080078125,5.340087890625],[120.22939453125002,5.284082031249994],[120.25039062500002,5.256591796875],[120.22324218750003,5.196240234374997]]],[[[121.99140625000001,6.41455078125],[121.95917968750001,6.415820312499989],[121.8798828125,6.517578125],[121.87246093750002,6.562744140625],[121.80869140625003,6.613720703124997],[121.83203125,6.6640625],[121.91494140625002,6.676220703124997],[122.05830078125001,6.74072265625],[122.2880859375,6.638916015625],[122.32353515624999,6.602246093749997],[122.25175781249999,6.579785156249997],[122.20097656249999,6.48291015625],[122.09287109375003,6.4283203124999915],[121.99140625000001,6.41455078125]]],[[[126.04677734375002,9.760791015624989],[125.9912109375,9.838525390624994],[125.99863281250003,9.927050781249989],[126.07382812500003,10.059228515624994],[126.12949218750003,9.943554687499997],[126.12890625,9.89111328125],[126.12080078125001,9.865185546874997],[126.17255859375001,9.799951171874994],[126.13691406250001,9.767773437499997],[126.05937499999999,9.766210937499991],[126.04677734375002,9.760791015624989]]],[[[125.67255859375001,9.886474609375],[125.64863281250001,9.944091796875],[125.59052734375001,9.998193359374994],[125.53447265624999,10.090087890625],[125.49482421875001,10.118701171874989],[125.52197265625,10.191503906249991],[125.52460937500001,10.309716796874994],[125.58017578125003,10.363671874999994],[125.60585937500002,10.379589843749997],[125.64794921875,10.436816406249989],[125.66679687499999,10.440136718749997],[125.6845703125,10.392041015624997],[125.64667968750001,10.245410156249989],[125.70332031250001,10.07177734375],[125.68437499999999,9.963183593749989],[125.69248046875003,9.939013671874989],[125.69023437499999,9.914453124999994],[125.67255859375001,9.886474609375]]],[[[120.27285156250002,13.682958984374991],[120.10419921875001,13.782373046874994],[120.09941406249999,13.816943359375003],[120.10341796875002,13.842529296875],[120.12070312500003,13.858056640624994],[120.21142578125,13.820654296874991],[120.27128906249999,13.750683593749997],[120.27285156250002,13.682958984374991]]],[[[121.9765625,13.537402343750003],[121.99570312500003,13.546777343749994],[122.11455078124999,13.463183593750003],[122.10732421875002,13.420849609374997],[122.12236328124999,13.365136718749994],[122.0546875,13.268652343749991],[122.04238281250002,13.236181640624991],[122.0048828125,13.204980468749994],[121.87587890625002,13.28173828125],[121.82919921875003,13.32861328125],[121.81503906250003,13.424462890624994],[121.8662109375,13.566162109375],[121.91484374999999,13.540332031250003],[121.9765625,13.537402343750003]]],[[[122.01396484374999,12.105615234374994],[121.96015625000001,12.19140625],[121.98193359375,12.245312499999997],[121.93564453125003,12.290380859374991],[121.92324218750002,12.331298828125],[121.94101562500003,12.385400390624994],[121.98945312500001,12.435302734375],[122.00156250000003,12.598535156249994],[122.10380859374999,12.650634765625],[122.14501953125,12.652636718749989],[122.13027343750002,12.612597656249989],[122.13164062499999,12.537548828124997],[122.09404296874999,12.354882812499994],[122.01396484374999,12.105615234374994]]],[[[122.60332031249999,12.285595703124997],[122.49931640624999,12.383691406249994],[122.43886718750002,12.429492187499989],[122.42294921875003,12.455078125],[122.47187500000001,12.491943359375],[122.60361328125003,12.491601562499994],[122.67363281249999,12.424267578124997],[122.68330078125001,12.38232421875],[122.65449218750001,12.309033203124997],[122.60332031249999,12.285595703124997]]],[[[123.3671875,12.700830078124994],[123.27421874999999,12.805078124999994],[123.16640625000002,12.875878906249994],[123.05419921875,12.993457031249989],[122.97343749999999,13.034716796874989],[122.94902343749999,13.058691406249991],[122.95751953125,13.107177734375],[123.01708984375,13.116162109374997],[123.04355468750003,13.113378906249991],[123.20625000000001,12.905419921874994],[123.28183593750003,12.853417968749994],[123.3671875,12.700830078124994]]],[[[123.77910156249999,12.366259765624989],[123.74150390624999,12.398535156249991],[123.62060546875,12.570507812499997],[123.58720703124999,12.63330078125],[123.62148437500002,12.674902343749991],[123.70869140625001,12.610791015624997],[123.775390625,12.453906249999989],[123.77910156249999,12.366259765624989]]],[[[123.90830078125003,12.169091796874994],[124.04033203124999,11.966796875],[124.0556640625,11.811572265624989],[124.04550781250003,11.75244140625],[123.98271484374999,11.818896484374989],[123.84775390625003,11.91357421875],[123.75400390625003,11.934472656249994],[123.72519531250003,11.951562499999994],[123.73603515625001,12.002636718749997],[123.6748046875,12.049999999999997],[123.66757812500003,12.0693359375],[123.61201171875001,12.090234374999994],[123.53105468749999,12.196630859374991],[123.47373046875003,12.216650390624991],[123.41884765625002,12.194238281249994],[123.29267578125001,12.036376953125],[123.15781250000003,11.925634765624991],[123.15585937500003,11.967968749999997],[123.21054687500003,12.106591796874994],[123.24531250000001,12.328027343749994],[123.26718750000003,12.395458984374997],[123.23984375000003,12.494677734374989],[123.23642578125003,12.58349609375],[123.33701171875003,12.542382812499994],[123.46298828125003,12.501220703125],[123.55898437500002,12.44482421875],[123.57480468750003,12.406933593749997],[123.71660156249999,12.287353515625],[123.90830078125003,12.169091796874994]]],[[[124.32705078125002,13.5673828125],[124.29453125000003,13.59033203125],[124.24824218750001,13.586669921875],[124.17539062500003,13.531542968750003],[124.05703125000002,13.605566406249991],[124.03886718749999,13.663134765625003],[124.12373046875001,13.790478515624997],[124.12285156249999,13.979687499999997],[124.15371093750002,14.026171875000003],[124.18623046875001,14.059521484374997],[124.22490234374999,14.077587890624997],[124.30830078125001,13.946972656249997],[124.33671874999999,13.931103515624997],[124.41718750000001,13.871044921874997],[124.39628906249999,13.750097656249991],[124.40400390625001,13.679443359375],[124.35361328125003,13.632226562499994],[124.32705078125002,13.5673828125]]],[[[122.17226562500002,14.008007812499997],[121.95625000000001,14.156054687500003],[121.94638671875003,14.181494140624991],[121.94599609375001,14.205126953125003],[121.95917968750001,14.228759765625],[122.17539062500003,14.048828125],[122.17226562500002,14.008007812499997]]],[[[122.05156249999999,14.969873046874994],[122.03173828125,14.971630859374997],[122.01728515625001,14.965283203124997],[121.97031250000003,14.892968749999994],[122.02167968750001,14.759423828124994],[121.98964843750002,14.662158203125003],[121.93300781250002,14.656054687500003],[121.91064453125,14.66650390625],[121.92216796874999,14.714550781249997],[121.9345703125,14.736621093750003],[121.92304687500001,14.799999999999997],[121.88925781250003,14.83984375],[121.8623046875,14.917187499999997],[121.8203125,14.963574218749997],[121.83984375,15.038134765625003],[121.9716796875,15.04638671875],[122.03349609374999,15.005029296874994],[122.05156249999999,14.969873046874994]]],[[[124.28847656250002,10.601464843749994],[124.33466796875001,10.706689453124994],[124.37109375,10.691357421874997],[124.38232421875,10.679833984374994],[124.38134765625,10.632568359375],[124.31621093749999,10.606005859374989],[124.28847656250002,10.601464843749994]]],[[[125.28769531250003,9.932714843749991],[125.15898437499999,10.062939453124997],[125.13300781250001,10.155029296875],[125.17587890625003,10.151074218749997],[125.23095703125,10.115673828124997],[125.28076171875,9.982177734375],[125.28769531250003,9.932714843749991]]],[[[122.94804687499999,7.3857421875],[122.94365234374999,7.361035156249997],[122.83955078125001,7.314599609374994],[122.8046875,7.315966796874989],[122.79658203125001,7.393359374999989],[122.82216796875002,7.428466796875],[122.87119140625003,7.3973144531249915],[122.91484374999999,7.433398437499989],[122.93710937500003,7.409130859374997],[122.94804687499999,7.3857421875]]],[[[125.76894531250002,6.90576171875],[125.70751953125,7.039990234374997],[125.68300781250002,7.073193359374997],[125.71445312500003,7.185546875],[125.78339843750001,7.130664062499989],[125.78457031250002,6.9627441406249915],[125.76894531250002,6.90576171875]]],[[[124.48349609375003,11.48583984375],[124.42880859375003,11.53173828125],[124.3603515625,11.665917968749994],[124.43740234375002,11.695019531249997],[124.51093750000001,11.687109374999991],[124.56494140625,11.639697265624989],[124.62226562500001,11.549560546875],[124.6083984375,11.4921875],[124.48349609375003,11.48583984375]]],[[[124.77792968750003,9.083105468749991],[124.66582031249999,9.13232421875],[124.63906250000002,9.175097656249989],[124.6533203125,9.225830078125],[124.70810546875003,9.243017578124991],[124.73681640625,9.2431640625],[124.79023437500001,9.190087890624994],[124.806640625,9.142626953124989],[124.77792968750003,9.083105468749991]]],[[[121.24667968750003,19.015185546875003],[121.19609374999999,19.050683593749994],[121.18486328124999,19.10141601562499],[121.18994140625,19.138916015625],[121.21318359374999,19.18359375],[121.24472656250003,19.143017578124997],[121.25224609374999,19.082421874999994],[121.24667968750003,19.015185546875003]]],[[[119.88291015625003,11.472412109375],[119.85488281250002,11.39306640625],[119.83066406250003,11.375683593749997],[119.79863281249999,11.408740234374989],[119.72998046875,11.431933593749989],[119.7255859375,11.474658203124989],[119.76142578125001,11.4736328125],[119.82675781250003,11.515429687499989],[119.86142578125003,11.525341796874997],[119.88291015625003,11.472412109375]]],[[[123.81562500000001,11.150732421874991],[123.73671875000002,11.151464843749991],[123.70761718750003,11.247998046874997],[123.74140625000001,11.279150390624991],[123.75703125000001,11.283300781249991],[123.81562500000001,11.150732421874991]]],[[[122.27978515625,12.498291015625],[122.26093750000001,12.503076171874994],[122.24785156249999,12.556933593749989],[122.27802734375001,12.592919921874994],[122.28750000000002,12.589257812499994],[122.31083984374999,12.52880859375],[122.27978515625,12.498291015625]]],[[[125.95244140624999,9.567968749999991],[125.92207031250001,9.621484374999994],[125.94853515624999,9.739208984374997],[125.9677734375,9.759082031249989],[125.99296874999999,9.6845703125],[125.97050781249999,9.593554687499989],[125.95244140624999,9.567968749999991]]],[[[124.8359375,11.543310546874991],[124.806640625,11.557568359374997],[124.78105468749999,11.580761718749997],[124.74365234375,11.658544921874991],[124.73085937500002,11.71533203125],[124.78837890624999,11.68310546875],[124.82148437500001,11.626611328124994],[124.85439453125002,11.594775390624989],[124.8359375,11.543310546874991]]],[[[117.28701171875002,8.191015624999991],[117.27226562499999,8.253515624999991],[117.28085937500003,8.314990234374989],[117.32958984375,8.308496093749994],[117.35371093750001,8.289257812499997],[117.35527343749999,8.214648437499989],[117.28701171875002,8.191015624999991]]],[[[123.70625000000001,9.133544921875],[123.61445312500001,9.103320312499989],[123.54072265625001,9.129736328124991],[123.49345703124999,9.192089843749997],[123.49355468750002,9.215527343749997],[123.53515625,9.213574218749997],[123.62607421875003,9.268261718749997],[123.65488281250003,9.278759765624997],[123.69765625000002,9.2373046875],[123.70625000000001,9.133544921875]]]]}},{"type":"Feature","properties":{"name":"Malaysia"},"geometry":{"type":"MultiPolygon","coordinates":[[[[100.13798828124999,6.488671874999994],[100.16123046875003,6.6416015625],[100.1767578125,6.671826171874997],[100.21660156249999,6.6866210937499915],[100.26142578125001,6.6827148437499915],[100.34541015625001,6.5499023437499915],[100.56386718750002,6.467529296875],[100.62949218750003,6.447998046875],[100.71562499999999,6.480664062499997],[100.75449218750003,6.4600585937499915],[100.79374999999999,6.426171874999994],[100.81650390625003,6.3316406249999915],[100.87392578125002,6.245410156249989],[100.98876953125,6.2576660156249915],[101.02939453125003,6.245312499999997],[101.05351562499999,6.242578124999994],[101.07597656249999,6.166064453124989],[101.08652343750003,6.03369140625],[101.07558593750002,5.956494140624997],[100.99277343750003,5.84619140625],[100.98164062500001,5.771044921874989],[101.02519531249999,5.724511718749994],[101.08173828125001,5.6749023437499915],[101.11396484375001,5.636767578124989],[101.14765625000001,5.64306640625],[101.19062500000001,5.668749999999989],[101.22978515624999,5.733691406249989],[101.25703125000001,5.789355468749989],[101.40419921875002,5.8516601562499915],[101.55605468750002,5.907763671874989],[101.57675781250003,5.902001953124994],[101.60136718749999,5.877148437499997],[101.65000000000003,5.7959960937499915],[101.67841796875001,5.77880859375],[101.71953124999999,5.7706054687499915],[101.79072265625001,5.779345703124989],[101.87363281250003,5.8252929687499915],[101.91718750000001,5.911376953125],[101.93613281250003,5.9793457031249915],[102.05517578125,6.0966796875],[102.068359375,6.1846679687499915],[102.10107421875,6.242236328124989],[102.27402343750003,6.203417968749989],[102.34013671874999,6.172021484374994],[102.53437500000001,5.862548828125],[102.79023437500001,5.644921874999994],[102.89853515625003,5.563769531249989],[102.982421875,5.524951171874989],[103.09707031250002,5.408447265625],[103.19697265625001,5.262158203124997],[103.41582031249999,4.850292968749997],[103.45390624999999,4.669482421874989],[103.46875,4.393261718749997],[103.42050781250003,3.9768554687499886],[103.36201171875001,3.7691406249999915],[103.37333984374999,3.671093749999997],[103.45351562500002,3.5206054687499915],[103.42949218749999,3.3785644531249943],[103.44501953125001,3.2605957031249915],[103.439453125,2.93310546875],[103.48515624999999,2.8365722656249943],[103.53730468750001,2.7747558593749915],[103.81220703125001,2.5804687499999943],[103.83232421874999,2.508496093749997],[103.9677734375,2.26123046875],[104.21855468749999,1.7228515624999972],[104.28847656250002,1.4806640624999972],[104.28037109375003,1.4155761718749886],[104.25009765625003,1.3885742187499943],[104.17636718750003,1.3648925781249943],[104.11494140625001,1.4122558593749943],[104.09423828125,1.4461914062499943],[104.1005859375,1.4883300781249886],[104.076171875,1.52978515625],[104.01601562500002,1.5792968749999972],[103.9814453125,1.6236328124999915],[103.9912109375,1.550048828125],[103.99150390624999,1.4547851562499972],[103.91513671875003,1.4466796874999943],[103.81679687500002,1.4765625],[103.69453125000001,1.4496582031249972],[103.5498046875,1.3328124999999886],[103.48027343749999,1.3294921874999943],[103.42734375000003,1.4298339843749943],[103.40000000000003,1.4978515624999886],[103.35683593750002,1.546142578125],[102.89687500000002,1.7923339843749915],[102.72714843750003,1.8555664062499915],[102.54824218750002,2.0423828124999943],[102.14560546875003,2.248486328124997],[101.88994140624999,2.449414062499997],[101.78125,2.5735839843749915],[101.51972656250001,2.6836425781249886],[101.40683593750003,2.8134765625],[101.35136718749999,2.8389648437499915],[101.29550781250003,2.885205078124997],[101.35429687499999,3.0111328124999943],[101.33017578125003,3.1424804687499943],[101.29990234375003,3.2532714843749915],[101.11542968750001,3.4720214843749915],[101.02480468750002,3.624707031249997],[100.85126953125001,3.7767089843749915],[100.78183593750003,3.864453124999997],[100.71542968750003,3.9662109374999943],[100.75703125000001,4.0018066406249915],[100.79550781250003,4.023388671874997],[100.76025390625,4.097216796874989],[100.66103515625002,4.225732421874994],[100.61455078124999,4.373437499999994],[100.61455078124999,4.652246093749994],[100.47343749999999,5.0442871093749915],[100.35263671875003,5.587695312499989],[100.3740234375,5.777978515624994],[100.34326171875,5.984179687499989],[100.26328125000003,6.182519531249994],[100.15839843750001,6.32421875],[100.119140625,6.4419921874999915],[100.13798828124999,6.488671874999994]]],[[[117.53730468750001,4.17138671875],[117.45087890625001,4.19287109375],[117.27753906250001,4.29931640625],[117.1005859375,4.337060546874994],[116.84355468749999,4.340136718749989],[116.69785156250003,4.35498046875],[116.638671875,4.339111328125],[116.58906250000001,4.338427734374989],[116.55312500000002,4.35986328125],[116.51474609375003,4.370800781249997],[116.41455078125,4.3082031249999915],[116.36767578125,4.327343749999997],[116.3203125,4.353710937499997],[116.23623046875002,4.362548828125],[116.13447265625001,4.355175781249997],[116.02158203125003,4.290673828124994],[115.89619140625001,4.348681640624989],[115.86074218750002,4.348046874999994],[115.83681640625002,4.333300781249989],[115.78242187500001,4.2537597656249915],[115.67880859375003,4.193017578124994],[115.62753906250003,4.081982421874997],[115.59609375000002,3.975537109374997],[115.56845703125003,3.9387695312499886],[115.56093750000002,3.7330566406249943],[115.54453125000003,3.6336914062499943],[115.57070312500002,3.5022949218749915],[115.56611328125001,3.445751953124997],[115.51992187500002,3.3616699218749915],[115.51425781250003,3.3423828124999915],[115.48974609375,3.2086425781249943],[115.49912109375003,3.1731445312499886],[115.4931640625,3.128124999999997],[115.45439453124999,3.0343261718749943],[115.38417968750002,3.008740234374997],[115.31015625000003,2.9939453124999886],[115.24697265625002,3.0259277343749886],[115.18994140625,2.9744628906249915],[115.11757812500002,2.8948730468749915],[115.08632812500002,2.8411132812499886],[115.08652343750003,2.791210937499997],[115.09365234375002,2.7578125],[115.07890624999999,2.7234374999999886],[115.07705078125002,2.68701171875],[115.08076171875001,2.634228515624997],[115.1298828125,2.6124023437499915],[115.18085937500001,2.56689453125],[115.17910156250002,2.523193359375],[115.15078125000002,2.492919921875],[115.08652343750003,2.4461425781249915],[114.96914062500002,2.350830078125],[114.83632812500002,2.2693847656249915],[114.78642578124999,2.25048828125],[114.76835937499999,2.2129394531249886],[114.75869140625002,2.1624023437499886],[114.78798828125002,2.0516113281249915],[114.81582031250002,2.0189453124999943],[114.83056640625,1.9800292968749886],[114.81269531250001,1.9337890624999972],[114.80000000000001,1.8939453124999943],[114.75107421875003,1.8689941406249915],[114.70351562500002,1.8507812499999972],[114.68613281250003,1.8190429687499972],[114.66093749999999,1.686279296875],[114.63222656250002,1.6170410156249915],[114.56748046875003,1.51416015625],[114.5458984375,1.4671386718749915],[114.51249999999999,1.4520019531249915],[114.38710937500002,1.5000488281249886],[114.27470703124999,1.4708984374999972],[114.1259765625,1.4523437499999972],[114.0,1.4552734374999972],[113.90234375,1.4342773437499972],[113.83525390624999,1.3798828125],[113.76035156250003,1.3113769531249915],[113.681640625,1.2605957031249915],[113.62226562500001,1.2359374999999915],[113.51318359375,1.3083984374999886],[113.45820312500001,1.3021484374999943],[113.35898437500003,1.3271484375],[113.12626953124999,1.4081054687499943],[113.06865234374999,1.4317871093749943],[113.00654296875001,1.4338867187499886],[112.98828125,1.4571289062499915],[112.998046875,1.4962402343749943],[112.98828125,1.5475585937499972],[112.94296875000003,1.5669921874999915],[112.47617187500003,1.55908203125],[112.34160156249999,1.5147460937499915],[112.25068359375001,1.4796386718749943],[112.18574218750001,1.4390624999999915],[112.16738281250002,1.3381835937499886],[112.12861328125001,1.2436035156249972],[112.07851562500002,1.1433593749999886],[111.92314453124999,1.11328125],[111.80898437500002,1.0116699218749972],[111.76972656250001,0.9994628906249972],[111.69130859375002,1.0142089843749886],[111.607421875,1.0226074218749943],[111.54667968749999,0.9943359374999972],[111.48320312499999,0.9957519531249943],[111.28671875000003,1.043212890625],[111.10136718749999,1.050537109375],[110.99609375,1.0263671875],[110.93808593750003,1.017333984375],[110.61474609375,0.8781249999999972],[110.50576171875002,0.8619628906249943],[110.46142578125,0.882080078125],[110.39902343750003,0.9390624999999915],[110.31523437499999,0.9959960937499943],[110.11474609375,1.1901367187499972],[110.04082031249999,1.2357421874999943],[109.99169921875,1.2825683593749915],[109.94492187500003,1.3380371093749943],[109.87851562500003,1.3978515624999943],[109.81806640625001,1.43896484375],[109.73574218750002,1.52294921875],[109.65400390625001,1.6148925781249943],[109.63583984375003,1.7766601562499886],[109.57080078125,1.8062988281249943],[109.54892578125003,1.8483398437499972],[109.53896484375002,1.8961914062499972],[109.62890625,2.027539062499997],[109.6943359375,1.8887695312499915],[109.71962890625002,1.8578124999999943],[109.86484375000003,1.7644531249999886],[109.98457031250001,1.7176269531249915],[110.11406249999999,1.6985839843749915],[110.24589843749999,1.6947265624999943],[110.29833984375,1.701171875],[110.34921875000003,1.7197265625],[110.39951171875003,1.6998535156249943],[110.67519531250002,1.5480468749999972],[110.78203124999999,1.5208496093749915],[110.89492187500002,1.532470703125],[110.93994140625,1.517333984375],[111.09843749999999,1.40087890625],[111.14521484375001,1.386962890625],[111.22324218750003,1.3958496093749915],[111.12343750000002,1.4490234374999886],[111.05800781250002,1.4866699218749915],[111.02871093750002,1.5578124999999972],[111.04658203125001,1.6336425781249915],[111.11015624999999,1.68408203125],[111.15419921875002,1.73876953125],[111.17001953125003,1.9022949218749972],[111.19804687499999,1.985107421875],[111.25087890625002,2.0638671874999943],[111.26816406250003,2.1397460937499915],[111.20888671875002,2.1976562499999943],[111.19550781250001,2.2971679687499886],[111.20859375000003,2.379638671875],[111.2421875,2.435742187499997],[111.2958984375,2.3987792968749915],[111.35136718749999,2.364453124999997],[111.40615234375002,2.367871093749997],[111.44384765625,2.381542968749997],[111.45078125000003,2.424072265625],[111.4404296875,2.4980957031249886],[111.44326171875002,2.6343261718749886],[111.51249999999999,2.7430175781249915],[111.62324218750001,2.8179687499999915],[111.72773437500001,2.8538085937499886],[112.11884765625001,2.9146972656249943],[112.7373046875,3.0704589843749943],[112.92050781250003,3.1307128906249915],[112.98789062500003,3.1619140624999886],[113.04472656249999,3.2052246093749943],[113.14023437500003,3.343505859375],[113.32011718749999,3.561474609374997],[113.44609374999999,3.7405761718749915],[113.71210937500001,4.001416015624997],[113.92392578125003,4.243212890624989],[113.95253906250002,4.288720703124994],[113.98779296875,4.420703124999989],[113.99042968750001,4.482812499999994],[113.98427734375002,4.545800781249994],[114.01249999999999,4.575244140624989],[114.05361328125002,4.5928710937499915],[114.06386718750002,4.592675781249994],[114.09511718750002,4.565234374999989],[114.16884765625002,4.5269531249999915],[114.22412109375,4.4778808593749915],[114.26103515624999,4.414257812499997],[114.28759765625,4.354736328125],[114.28964843750003,4.30419921875],[114.32294921875001,4.2627929687499915],[114.41660156250003,4.255859375],[114.44707031249999,4.203564453124997],[114.51220703125,4.113574218749989],[114.57177734375,4.049072265625],[114.60830078125002,4.023974609374989],[114.65410156249999,4.037646484374989],[114.72500000000002,4.0965332031249915],[114.77617187499999,4.1687988281249915],[114.81044921875002,4.266503906249994],[114.78349609374999,4.28076171875],[114.8310546875,4.3544921875],[114.84023437500002,4.393212890624994],[114.81826171875002,4.428759765624989],[114.79013671875003,4.463916015624989],[114.779296875,4.553027343749989],[114.75996093750001,4.66650390625],[114.74667968750003,4.718066406249989],[114.7841796875,4.754833984374997],[114.86455078124999,4.8017578125],[114.94472656250002,4.856249999999989],[115.02675781250002,4.899707031249989],[115.02880859375,4.8211425781249915],[115.02675781250002,4.691357421874997],[115.05156249999999,4.582666015624994],[115.10703125000003,4.390429687499989],[115.17060546875001,4.364208984374997],[115.24667968750003,4.347216796874989],[115.29062500000003,4.352587890624989],[115.31923828125002,4.365283203124989],[115.32675781250003,4.380761718749994],[115.279296875,4.456347656249989],[115.26669921875003,4.633984374999997],[115.22792968750002,4.7505859374999915],[115.16845703125,4.86669921875],[115.14003906250002,4.8997558593749915],[115.37490234375002,4.932763671874994],[115.42763671875002,4.969189453124997],[115.51982421874999,5.0489257812499915],[115.55449218749999,5.093554687499989],[115.58203125,5.194140624999989],[115.46689453125003,5.254101562499997],[115.42167968749999,5.330517578124997],[115.41904296875003,5.4131835937499915],[115.55644531249999,5.566699218749989],[115.60390625000002,5.603417968749994],[115.62451171875,5.548876953124989],[115.68505859375,5.535107421874997],[115.74082031250003,5.533007812499989],[115.796875,5.5361328125],[115.87714843750001,5.613525390625],[115.91845703125,5.7249511718749915],[116.05976562500001,5.882373046874989],[116.11005859375001,6.0032714843749915],[116.13837890625001,6.129541015624994],[116.49472656250003,6.521679687499997],[116.53828125000001,6.582714843749997],[116.74980468749999,6.977099609374989],[116.77617187499999,6.990234375],[116.8330078125,6.952050781249994],[116.84980468750001,6.826708984374989],[116.84199218750001,6.7720703124999915],[116.80771484375003,6.691064453124994],[116.7880859375,6.606103515624994],[116.81240234375002,6.60791015625],[116.91328125000001,6.65966796875],[117.0185546875,6.79736328125],[117.07792968749999,6.9168457031249915],[117.12851562500003,6.968896484374994],[117.22988281250002,6.939990234374989],[117.25244140625,6.919238281249989],[117.24531250000001,6.833398437499994],[117.25498046875003,6.783447265625],[117.29404296875003,6.676904296874994],[117.38037109375,6.612255859374997],[117.49921875000001,6.571484374999997],[117.60966796874999,6.512646484374997],[117.64570312500001,6.473681640624989],[117.66962890625001,6.4267578125],[117.69375000000002,6.349999999999994],[117.69560546874999,6.2723144531249915],[117.61591796875001,6.196533203125],[117.64980468750002,6.0735839843749915],[117.64453125,6.001855468749994],[117.6171875,5.940722656249989],[117.50117187500001,5.884667968749994],[117.81767578124999,5.9404296875],[117.89580078124999,5.9722656249999915],[118.00380859375002,6.0533203124999915],[118.06171875000001,5.983447265624989],[118.11582031250003,5.862499999999997],[118.072265625,5.832080078124989],[117.93476562500001,5.787499999999994],[117.92802734374999,5.769189453124994],[117.9736328125,5.706249999999997],[118.03115234375002,5.712109374999997],[118.14462890625003,5.754199218749989],[118.24912109375003,5.820556640625],[118.2998046875,5.819726562499994],[118.35312500000003,5.806054687499994],[118.45634765624999,5.763427734375],[118.51416015625,5.728906249999994],[118.56308593750003,5.684521484374997],[118.59482421875003,5.592089843749989],[118.71367187499999,5.558544921874997],[118.95732421874999,5.429003906249989],[119.00253906250003,5.4178222656249915],[119.05000000000001,5.415234374999997],[119.17841796875001,5.430908203125],[119.22343749999999,5.412646484374989],[119.25556640625001,5.365917968749997],[119.26630859375001,5.30810546875],[119.26279296875003,5.245898437499989],[119.24970703125001,5.19873046875],[119.21962890625002,5.159814453124994],[119.13222656250002,5.100488281249994],[118.91250000000002,5.022900390624997],[118.67207031250001,4.964062499999997],[118.55136718750003,4.9681152343749915],[118.3818359375,5.018505859374997],[118.32001953125001,5.012011718749989],[118.26054687499999,4.9888671874999915],[118.18535156249999,4.828515624999994],[118.32421875,4.668701171875],[118.5625,4.502148437499997],[118.59511718750002,4.460644531249997],[118.58632812500002,4.40966796875],[118.54833984375,4.3792480468749915],[118.498046875,4.362353515624989],[118.36406249999999,4.335742187499989],[118.22871093750001,4.3160156249999915],[118.11728515625003,4.28759765625],[118.00820312500002,4.250244140625],[117.89560546875003,4.262939453125],[117.74101562499999,4.337548828124994],[117.69648437500001,4.342822265624989],[117.64980468750002,4.304492187499989],[117.60380859374999,4.199999999999989],[117.57441406250001,4.170605468749997],[117.53730468750001,4.17138671875]]],[[[104.17333984375,2.7213378906249943],[104.14687500000002,2.728222656249997],[104.12910156250001,2.7672363281249943],[104.16982421875002,2.8568359374999943],[104.18476562500001,2.8717285156249943],[104.22324218750003,2.7742187499999886],[104.22158203125002,2.7317382812499886],[104.17333984375,2.7213378906249943]]],[[[100.26376953125003,5.266992187499994],[100.19101562500003,5.282861328124994],[100.20390624999999,5.4468749999999915],[100.24550781250002,5.4677734375],[100.31015625000003,5.437939453124997],[100.3388671875,5.410058593749994],[100.28896484375002,5.294726562499989],[100.26376953125003,5.266992187499994]]],[[[99.91865234375001,6.358593749999997],[99.88339843750003,6.310839843749989],[99.86582031250003,6.297070312499997],[99.8232421875,6.312744140625],[99.78261718750002,6.2715820312499915],[99.74375000000003,6.2632812499999915],[99.70468750000003,6.337548828124994],[99.65664062500002,6.367138671874997],[99.64628906249999,6.418359374999994],[99.71054687500003,6.4273437499999915],[99.74921875000001,6.409619140624997],[99.82167968750002,6.445019531249997],[99.84804687500002,6.465722656249994],[99.91865234375001,6.358593749999997]]],[[[117.08066406250003,7.115283203124989],[117.06015625000003,7.178857421874994],[117.06425781249999,7.260693359374997],[117.14687500000002,7.3370117187499915],[117.26406250000002,7.3516601562499915],[117.28076171875,7.2906249999999915],[117.26679687500001,7.2208007812499915],[117.23935546875003,7.184765624999997],[117.1416015625,7.168212890625],[117.08066406250003,7.115283203124989]]],[[[101.26806640625,2.970410156249997],[101.26542968749999,2.9964843749999943],[101.27421874999999,3.0328124999999915],[101.31123046875001,3.0673828125],[101.32841796874999,3.047607421875],[101.31855468750001,2.988476562499997],[101.26806640625,2.970410156249997]]],[[[111.35869140624999,2.4021972656249915],[111.3115234375,2.4375976562499915],[111.30039062500003,2.741162109374997],[111.33349609375,2.768310546875],[111.35507812500003,2.7644531249999886],[111.37832031250002,2.7093261718749915],[111.37626953124999,2.5763183593749943],[111.38046875000003,2.458935546874997],[111.38925781250003,2.4153320312499886],[111.35869140624999,2.4021972656249915]]],[[[117.74541015624999,4.166943359374997],[117.64902343750003,4.168994140624989],[117.66679687499999,4.204003906249994],[117.662109375,4.250195312499997],[117.7080078125,4.262402343749997],[117.76142578125001,4.252343749999994],[117.884765625,4.1861328124999915],[117.74541015624999,4.166943359374997]]]]}},{"type":"Feature","properties":{"name":"Laos"},"geometry":{"type":"Polygon","coordinates":[[[102.18300781250002,22.28403320312492],[102.30136718749998,22.178173828125068],[102.44267578124999,22.02714843749999],[102.48750000000001,21.957763671875],[102.58251953125,21.904296875],[102.60966796874999,21.851757812499997],[102.63125000000002,21.77133789062499],[102.64082031250001,21.71142578125],[102.66201171875002,21.676025390625],[102.69531249999994,21.662109375000057],[102.73857421874999,21.677929687499997],[102.77109375000003,21.709667968749997],[102.79824218750002,21.79794921874999],[102.81591796875,21.807373046875],[102.84521484375,21.734765624999994],[102.87617187500001,21.72226562500009],[102.91767578125001,21.712939453125003],[102.94960937500002,21.681347656249997],[102.95917968750001,21.626220703125],[102.94863281250002,21.569775390624997],[102.90957031250002,21.50634765625],[102.88749999999999,21.43994140625],[102.87226562500001,21.33749999999999],[102.85117187500003,21.265917968750003],[102.8837890625,21.202587890624997],[103.1044921875,20.891650390625003],[103.21074218749999,20.840625000000003],[103.46357421874995,20.779833984375102],[103.5546875,20.737841796875003],[103.63505859374999,20.697070312500003],[103.71445312500003,20.716943359374994],[103.79052734375,20.809521484374997],[103.88203125000001,20.86142578124999],[104.05205078124999,20.941210937500102],[104.10136718749999,20.945507812499997],[104.1953125,20.913964843749994],[104.349609375,20.82109374999999],[104.46142578125,20.73374023437499],[104.53037109375003,20.68798828125],[104.58320312500001,20.646679687499955],[104.57519531249994,20.60024414062508],[104.53271484375,20.554882812500125],[104.47861328124998,20.529589843750102],[104.40781250000003,20.485742187499994],[104.36777343750003,20.44140625],[104.39218750000003,20.424755859374997],[104.49619140625003,20.41367187499999],[104.61884765624995,20.374511718750114],[104.65644531250001,20.328515624999994],[104.66191406249999,20.289013671874997],[104.67695312500001,20.22470703124999],[104.69873046875,20.205322265625],[104.81269531250001,20.21684570312499],[104.84785156250001,20.202441406250003],[104.888671875,20.169091796874994],[104.92919921874994,20.082812500000045],[104.92792968750001,20.018115234375003],[104.84580078125003,19.94716796875008],[104.81513671875001,19.904003906249997],[104.8017578125,19.836132812499997],[104.7431640625,19.75473632812499],[104.587890625,19.61874999999999],[104.54628906250002,19.610546874999997],[104.25986328125003,19.685498046874997],[104.12714843750001,19.68085937500001],[104.06279296874999,19.678417968749997],[104.03203124999999,19.67514648437499],[104.01347656249999,19.646484375],[104.05156249999999,19.564160156249997],[104.06289062500002,19.482568359375136],[104.02753906250001,19.420458984375003],[103.93203125000002,19.366064453125034],[103.89638671875002,19.339990234375023],[103.89160156249994,19.30498046874999],[103.91835937500002,19.268505859374997],[104.00634765625,19.230908203124997],[104.10859375000001,19.195556640625],[104.44580078125,18.983837890624997],[104.51796875000002,18.934082031250114],[104.61328125,18.860644531250003],[104.71650390624995,18.803417968749955],[104.9931640625,18.728320312500003],[105.11513671875002,18.678857421875023],[105.146484375,18.650976562499977],[105.14541015625002,18.61679687499999],[105.11347656250001,18.573046875000003],[105.08701171875003,18.496240234374994],[105.08583984375002,18.450097656249994],[105.11455078124999,18.4052734375],[105.16328125000001,18.33872070312499],[105.27324218749999,18.2353515625],[105.33349609375,18.189648437499997],[105.40000000000003,18.179248046875003],[105.45820312500001,18.154296875],[105.5185546875,18.077441406250003],[105.58847656250003,17.983691406250003],[105.59765625,17.918261718750003],[105.62724609374999,17.834423828124997],[105.69140625,17.737841796874932],[105.77949218750001,17.644433593749994],[105.90273437500002,17.52866210937499],[105.97353515625002,17.446972656249997],[106.00625000000002,17.415283203125],[106.26953125,17.216796875000057],[106.33339843750002,17.14370117187508],[106.42597656250001,17.00253906249999],[106.46533203125,16.981835937499994],[106.50224609374999,16.9541015625],[106.52597656250003,16.876611328125023],[106.53369140625,16.821044921875],[106.54619140624999,16.65073242187499],[106.59365234375002,16.60009765625],[106.63749999999999,16.53793945312492],[106.65644531250001,16.492626953124997],[106.69609374999999,16.458984375],[106.73955078124999,16.452539062500136],[106.79160156250003,16.49033203124999],[106.83242187500002,16.526269531249994],[106.85107421875,16.515625],[106.89277343750001,16.396533203125003],[106.9306640625,16.35312499999999],[107.001953125,16.311816406250045],[107.06972656250002,16.279833984375003],[107.21738281250003,16.136328124999977],[107.29648437500003,16.084033203125003],[107.35009765625,16.0673828125],[107.39638671875002,16.043017578125003],[107.41015625,15.997851562500003],[107.39199218750002,15.95166015625],[107.36064453124999,15.921728515624991],[107.18886718750002,15.838623046875],[107.16591796875002,15.802490234375],[107.18955078125003,15.747265624999997],[107.23261718750001,15.678076171874991],[107.27939453125003,15.618701171875003],[107.33876953125002,15.560498046875125],[107.45957031250003,15.4658203125],[107.56425781249999,15.3916015625],[107.62167968750003,15.309863281250003],[107.65312499999999,15.255224609374991],[107.63369140625002,15.189843749999994],[107.58964843749999,15.118457031250003],[107.55527343750003,15.057031249999994],[107.49628906250001,15.021435546874997],[107.48037109375002,14.979882812499994],[107.50468749999999,14.915917968749994],[107.52451171875003,14.871826171874943],[107.51376953124998,14.817382812500057],[107.51943359375002,14.705078125],[107.46513671874999,14.664990234374997],[107.41474609375001,14.562890624999994],[107.3798828125,14.555322265624994],[107.29267578125001,14.592382812499991],[107.26230468750003,14.572119140624991],[107.20664062500003,14.497900390624991],[107.109375,14.416699218749997],[107.06240234375002,14.415771484375],[107.03017578125002,14.425683593749994],[106.99218749999994,14.39101562500008],[106.93808593750003,14.327343749999997],[106.91318359375003,14.329394531250003],[106.81992187500003,14.314697265624943],[106.78349609374999,14.335107421874994],[106.73818359375002,14.387744140625003],[106.66542968750002,14.441308593750023],[106.59921875000003,14.479394531249994],[106.56367187500001,14.505078124999997],[106.53115234375002,14.549414062499977],[106.50146484375,14.578222656250034],[106.44697265625001,14.515039062499994],[106.35498046875,14.454785156250068],[106.26796875000002,14.466210937499994],[106.22539062499999,14.476220703124994],[106.19072265624999,14.388134765624997],[106.16523437500001,14.372363281250003],[106.00839843750003,14.357177734375],[105.97890625000002,14.343017578125],[106.00410156250001,14.262890624999997],[106.0966796875,14.127099609374994],[106.12470703124995,14.049121093750045],[106.06679687500002,13.921191406250003],[105.90449218750001,13.924511718749997],[105.83144531250002,13.976611328125003],[105.76406250000002,14.049072265625057],[105.73974609375,14.0849609375],[105.53154296874999,14.156152343749994],[105.39267578125003,14.107080078124994],[105.35019531250003,14.109570312499997],[105.28486328125001,14.161474609374991],[105.24570312500003,14.200537109374991],[105.20703125,14.259374999999991],[105.18554687499994,14.319091796875],[105.18330078125001,14.346240234375003],[105.24365234375,14.367871093749997],[105.34218750000002,14.416699218749997],[105.42265624999993,14.471630859374955],[105.4755859375,14.530126953124991],[105.49736328124999,14.590673828124991],[105.50019531250001,14.661230468749991],[105.52304687500003,14.843310546875003],[105.54667968749999,14.932470703125034],[105.53339843750001,15.041601562499991],[105.49042968750001,15.127587890624994],[105.49042968750001,15.256591796875],[105.505859375,15.319628906250045],[105.51318359375,15.360888671875003],[105.57373046875,15.413232421874994],[105.61562500000002,15.48828125],[105.63886718750001,15.5859375],[105.64101562500002,15.656542968749932],[105.6220703125,15.699951171875],[105.56240234375002,15.741259765625003],[105.46201171875003,15.780419921874994],[105.39892578125,15.829882812500003],[105.37324218750001,15.889697265625045],[105.37558593750003,15.942187500000003],[105.40625,15.987451171875023],[105.33066406250003,16.037890625000003],[105.14873046874999,16.093554687500003],[105.04716796874999,16.16025390624999],[105.02578125000002,16.237988281249997],[104.94990234375001,16.33994140624999],[104.81933593749994,16.466064453125057],[104.75058593750003,16.64755859374999],[104.74355468750002,16.88437499999999],[104.75898437500001,17.0771484375],[104.81601562499998,17.30029296875],[104.73964843750002,17.461669921875],[104.65585937500003,17.54672851562499],[104.53925781250001,17.609277343749994],[104.42812500000002,17.698974609375057],[104.32265625000002,17.815820312499994],[104.19619140625002,17.98837890624999],[104.04873046875002,18.216699218749966],[103.94960937500002,18.318994140624994],[103.89882812500002,18.295312500000023],[103.79228515624999,18.31650390625009],[103.62968749999999,18.382568359375],[103.48798828124995,18.41816406250001],[103.36699218749999,18.42333984375],[103.28828124999995,18.408398437499955],[103.25175781249999,18.373486328125125],[103.24892578125002,18.33896484374999],[103.27958984374999,18.304980468750045],[103.26318359375,18.278466796874994],[103.19970703125,18.259472656249997],[103.14853515625003,18.221728515625003],[103.09121093750002,18.138232421875003],[103.05136718750003,18.028515624999997],[102.99140625000001,17.986230468749994],[102.89863281250001,17.97690429687499],[102.80742187499999,17.945556640625],[102.71757812499999,17.892236328124994],[102.67519531250002,17.851757812499997],[102.68007812500002,17.824121093749994],[102.66064453125,17.81796874999999],[102.61679687500003,17.83334960937499],[102.59609375000002,17.86962890625],[102.59824218750003,17.9267578125],[102.55253906249999,17.965087890625],[102.45878906249999,17.984619140625],[102.35185546874999,18.045947265625045],[102.23164062500001,18.148974609375045],[102.14824218749999,18.203857421875],[102.10146484375002,18.210644531249997],[102.03457031250002,18.169824218749994],[101.94746093750001,18.081494140624955],[101.87548828125,18.046435546875003],[101.81865234374999,18.064648437499997],[101.77480468750002,18.033398437500125],[101.744140625,17.952685546875045],[101.6875,17.889404296875114],[101.56367187500001,17.820507812499997],[101.55507812500002,17.81235351562499],[101.41367187500003,17.71875],[101.29970703125002,17.625000000000057],[101.16748046875,17.4990234375],[101.10517578125001,17.479541015625102],[101.04570312499999,17.509960937499997],[100.95585937499999,17.54111328124999],[100.90849609374999,17.583886718749994],[100.9990234375,17.797167968750003],[101.11328125,18.03354492187499],[101.14394531250002,18.142626953125003],[101.14873046874999,18.22216796875],[101.13749999999999,18.286865234375],[101.0927734375,18.354541015625003],[101.05058593749999,18.407031250000003],[101.04697265625003,18.441992187500034],[101.06044921875002,18.47900390625],[101.10634765625002,18.53354492187499],[101.16552734375,18.618310546874994],[101.22050781249999,18.792773437500003],[101.28632812499995,18.977148437500034],[101.27988281250003,19.088916015625003],[101.2265625,19.21152343749999],[101.19755859374999,19.327929687500003],[101.22080078125003,19.486621093750003],[101.2119140625,19.54833984375],[101.15468750000002,19.57919921874999],[100.96650390625001,19.610791015624997],[100.90605468749993,19.60537109375008],[100.85820312499999,19.58505859374999],[100.80683593750001,19.541943359374955],[100.74394531249999,19.51474609374999],[100.62548828125,19.49985351562509],[100.51357421875002,19.553466796875],[100.42011718750001,19.644482421874997],[100.39765625000001,19.756103515625],[100.46621093750002,19.888916015625],[100.51455078125002,19.996337890625],[100.54306640625003,20.088671875000003],[100.53994140625002,20.132373046875003],[100.51953125,20.177929687499997],[100.49160156250002,20.18408203125],[100.43154296875002,20.24072265625],[100.37314453125003,20.340380859375003],[100.31796875000003,20.385888671874994],[100.26601562500002,20.37729492187499],[100.21806640624999,20.339599609375],[100.17412109374999,20.272753906250003],[100.13974609375003,20.245410156250003],[100.11494140625001,20.25766601562499],[100.12246093750002,20.316650390625],[100.12968749999999,20.372216796874994],[100.18388671874999,20.589111328125],[100.24931640624999,20.730273437500003],[100.32607421875002,20.795703125000003],[100.40742187499995,20.823242187500057],[100.49335937500001,20.81298828125],[100.56513671875001,20.825097656249994],[100.62294921875002,20.859570312499997],[100.61767578125,20.87924804687499],[100.54931640625,20.884228515624997],[100.52226562499999,20.921923828125003],[100.5361328125,20.992382812499997],[100.56660156250001,21.03818359374999],[100.61367187500002,21.059326171875],[100.6591796875,21.13037109375],[100.703125,21.251367187499994],[100.75664062499999,21.312646484374994],[100.81953125000001,21.314208984375],[100.92753906249999,21.3662109375],[101.08037109374999,21.468652343749994],[101.13886718750001,21.56748046874999],[101.19667968750002,21.52207031249999],[101.17539062500003,21.407519531250003],[101.20556640625,21.38330078125],[101.21992187500001,21.342431640624994],[101.21181640625002,21.278222656249994],[101.22441406249999,21.22373046874999],[101.24785156249993,21.197314453125045],[101.28144531250001,21.184130859375003],[101.44355468750001,21.23081054687499],[101.54238281250002,21.234277343749994],[101.58388671875002,21.203564453125068],[101.62167968750003,21.18442382812499],[101.66855468750003,21.169628906249997],[101.70478515625001,21.150146484375],[101.72812500000003,21.156396484374994],[101.78349609374999,21.204150390625045],[101.80058593749999,21.212597656249997],[101.80205078124999,21.235986328124994],[101.76308593750002,21.27890624999999],[101.72294921874999,21.31494140625],[101.72421875000003,21.39501953125],[101.74345703124999,21.533837890624994],[101.74726562500001,21.605761718750003],[101.74394531249999,21.777978515624994],[101.73652343750001,21.826513671874977],[101.69960937500002,21.882470703124994],[101.60292968749997,21.98969726562501],[101.57578125000003,22.05527343749999],[101.56025390625001,22.120898437500102],[101.56181640624999,22.162402343750045],[101.53730468750001,22.209863281249994],[101.52451171874998,22.253662109375],[101.56787109375,22.2763671875],[101.61992187499999,22.327441406250003],[101.64619140625001,22.405419921874994],[101.67148437500003,22.462304687499994],[101.70751953125,22.486572265625],[101.73876953125,22.495263671874994],[101.75996093750001,22.490332031250034],[101.841796875,22.388476562500003],[101.94541015625003,22.439404296874997],[102.0244140625,22.439208984375],[102.09150390625001,22.412255859374994],[102.12744140625,22.379199218750003],[102.18300781250002,22.28403320312492]]]}},{"type":"Feature","properties":{"name":"Indonesia"},"geometry":{"type":"MultiPolygon","coordinates":[[[[97.69833984375003,1.1837402343749943],[97.78642578124999,1.1458984374999943],[97.90322265625002,1.0182617187499972],[97.93193359374999,0.9739257812499886],[97.90205078125001,0.8842285156249972],[97.87646484375,0.6283203124999943],[97.82041015625003,0.564453125],[97.68398437500002,0.5960937499999943],[97.68251953125002,0.6410644531249972],[97.60390625000002,0.8338867187499943],[97.46123046874999,0.94140625],[97.40537109375003,0.9469726562499972],[97.36884765625001,1.0569335937499886],[97.296875,1.1873535156249915],[97.07919921875003,1.4254882812499972],[97.24423828125003,1.4236328124999886],[97.32441406250001,1.4816406249999972],[97.3427734375,1.5279296874999915],[97.35595703125,1.5397460937499972],[97.48154296875003,1.465087890625],[97.69833984375003,1.1837402343749943]]],[[[99.07177734375,-1.7834960937500028],[98.87431640624999,-1.6636718750000057],[98.82773437500003,-1.6099609375000057],[98.81630859375002,-1.5382812500000114],[98.626953125,-1.2613281250000057],[98.60175781250001,-1.1978515625000057],[98.67607421874999,-0.9705078125000028],[98.86904296875002,-0.9156250000000057],[98.9326171875,-0.9540039062500085],[98.95478515625001,-1.0562500000000057],[99.06503906250003,-1.24072265625],[99.10146484375002,-1.3401367187500028],[99.12890625,-1.3841796875000085],[99.14042968749999,-1.41845703125],[99.13066406249999,-1.4423828125],[99.21035156250002,-1.5592773437500114],[99.26728515625001,-1.6277343750000028],[99.271484375,-1.7384765625000114],[99.16386718749999,-1.7779296875000057],[99.07177734375,-1.7834960937500028]]],[[[116.51425781250003,-8.820996093750011],[116.55937499999999,-8.854394531250009],[116.58652343750003,-8.886132812500009],[116.37724609374999,-8.929003906250003],[116.28984374999999,-8.906152343750009],[116.23935546875003,-8.912109375],[116.02675781250002,-8.873144531250006],[115.87460937500003,-8.825585937500009],[115.85732421875002,-8.787890625000003],[115.86933593750001,-8.742773437500006],[115.91445312500002,-8.758007812500011],[116.03164062500002,-8.765234375000006],[116.07646484374999,-8.744921875000003],[116.07773437500003,-8.611328125],[116.06113281250003,-8.437402343750009],[116.21982421875003,-8.295214843750003],[116.30429687500003,-8.237988281250011],[116.40156250000001,-8.204199218750006],[116.64697265625,-8.28271484375],[116.6875,-8.304101562500009],[116.71894531250001,-8.336035156250006],[116.73408203125001,-8.386914062500011],[116.64082031250001,-8.613867187500006],[116.51425781250003,-8.820996093750011]]],[[[115.54941406250003,-8.208300781250003],[115.69091796875,-8.363574218750003],[115.70429687500001,-8.407128906250009],[115.66142578124999,-8.4482421875],[115.55996093750002,-8.51416015625],[115.33378906249999,-8.61572265625],[115.29501953125003,-8.663671875000006],[115.24716796875003,-8.757519531250011],[115.23613281249999,-8.797558593750011],[115.22021484375,-8.819531250000011],[115.19423828125002,-8.83544921875],[115.14492187500002,-8.849023437500009],[115.09150390625001,-8.829394531250003],[115.13974609375003,-8.768945312500009],[115.1416015625,-8.696875000000006],[115.10566406250001,-8.629492187500006],[115.05507812500002,-8.573046875000003],[114.95205078125002,-8.496386718750003],[114.84208984374999,-8.428515625000003],[114.73134765625002,-8.393945312500009],[114.61318359375002,-8.378320312500009],[114.57089843750003,-8.345410156250011],[114.50175781249999,-8.260839843750006],[114.47890625000002,-8.214746093750009],[114.46757812499999,-8.166308593750003],[114.47529296875001,-8.119433593750003],[114.50429687500002,-8.116601562500009],[114.62001953125002,-8.127734375000003],[114.8330078125,-8.1826171875],[114.9384765625,-8.187109375000006],[114.99814453125003,-8.174414062500006],[115.15400390625001,-8.065722656250003],[115.19101562500003,-8.067480468750006],[115.34023437500002,-8.115429687500011],[115.44785156250003,-8.155175781250009],[115.54941406250003,-8.208300781250003]]],[[[106.080078125,-1.73828125],[106.12714843750001,-1.8001953125000085],[106.16171875000003,-1.8669921875000028],[106.20878906249999,-2.1886718750000114],[106.36591796875001,-2.46484375],[106.81845703125003,-2.5733398437500057],[106.74433593750001,-2.617968750000003],[106.70664062500003,-2.658007812500003],[106.67880859375003,-2.7040039062500085],[106.61201171875001,-2.8955078125],[106.61855468750002,-2.9361328125000057],[106.65761718750002,-3.0011718750000114],[106.66718750000001,-3.07177734375],[106.61054687500001,-3.0713867187500057],[106.54677734375002,-3.0555664062500085],[106.49609375,-3.0290039062500114],[106.44873046875,-2.9942382812500057],[106.39736328125002,-2.966601562500003],[106.34160156249999,-2.94873046875],[106.25009765625003,-2.89404296875],[106.12587890625002,-2.8553710937500085],[105.99873046875001,-2.8249023437500114],[105.93720703125001,-2.7435546875000085],[105.90800781249999,-2.6432617187500114],[105.93906250000003,-2.493457031250003],[105.90761718750002,-2.451953125000003],[105.86240234375003,-2.4154296875000085],[105.80683593750001,-2.307421875000003],[105.78583984375001,-2.1813476562500114],[105.70527343750001,-2.132617187500003],[105.59902343750002,-2.1031250000000057],[105.552734375,-2.0790039062500085],[105.34287109375003,-2.1250976562500057],[105.29257812500003,-2.1142578125],[105.24765625000003,-2.079394531250003],[105.13339843750003,-2.0425781250000057],[105.1376953125,-1.97265625],[105.19101562500003,-1.9168945312500085],[105.31621093749999,-1.8605468750000114],[105.37480468749999,-1.8131835937500114],[105.38652343749999,-1.7507812500000028],[105.3642578125,-1.705078125],[105.37314453125003,-1.6573242187500057],[105.41269531250003,-1.6110351562500114],[105.45957031250003,-1.57470703125],[105.58544921875,-1.5267578125000085],[105.64042968749999,-1.6104492187500057],[105.66757812500003,-1.6803710937500114],[105.70087890625001,-1.7310546875000057],[105.75449218750003,-1.65869140625],[105.72041015625001,-1.5338867187500114],[105.81611328125001,-1.5060546875000114],[105.91005859375002,-1.5049804687500057],[105.98095703125,-1.5391601562500057],[106.02734375,-1.5931640625000085],[106.04570312499999,-1.66943359375],[106.080078125,-1.73828125]]],[[[123.20302734375002,-4.766210937500006],[123.19570312500002,-4.8226562500000085],[123.13945312499999,-4.739941406250011],[123.11923828125003,-4.723437500000003],[123.10380859374999,-4.739941406250011],[123.08388671875002,-4.7490234375],[123.05517578125,-4.748242187500011],[123.01796875000002,-4.831738281250011],[123.0146484375,-4.910253906250006],[122.98652343750001,-4.963085937500011],[122.9716796875,-5.138476562500003],[122.98105468750003,-5.185742187500011],[123.02460937500001,-5.162402343750003],[123.05146484375001,-5.156445312500011],[123.14990234375,-5.2240234375000085],[123.20195312499999,-5.2733398437500085],[123.18730468749999,-5.3330078125],[123.12070312500003,-5.393164062500006],[123.04335937500002,-5.4193359375000085],[122.98574218750002,-5.3935546875],[122.96875,-5.40576171875],[122.93466796875003,-5.436718750000011],[122.90878906250003,-5.4774414062500085],[122.91621093750001,-5.519335937500003],[122.85019531250003,-5.637988281250003],[122.81210937500003,-5.6712890625000085],[122.73310546875001,-5.634960937500011],[122.68437499999999,-5.666210937500011],[122.64501953125,-5.663378906250003],[122.5849609375,-5.544628906250011],[122.58642578125,-5.488867187500006],[122.64218750000003,-5.42626953125],[122.642578125,-5.381152343750003],[122.67011718750001,-5.330859375000003],[122.7314453125,-5.261914062500011],[122.76650390625002,-5.210156250000011],[122.767578125,-5.17724609375],[122.79365234375001,-5.052441406250011],[122.80380859375003,-5.000097656250006],[122.82148437500001,-4.944433593750006],[122.84941406249999,-4.831250000000011],[122.85332031249999,-4.618359375000011],[122.94687500000003,-4.442675781250003],[123.03828125000001,-4.394726562500011],[123.07460937500002,-4.386914062500011],[123.06894531250003,-4.43359375],[123.17978515625003,-4.5511718750000085],[123.20302734375002,-4.766210937500006]]],[[[122.61933593750001,-5.3358398437500085],[122.56386718750002,-5.387500000000003],[122.51972656250001,-5.391210937500006],[122.4736328125,-5.380664062500003],[122.39199218750002,-5.33544921875],[122.37128906250001,-5.383105468750003],[122.30703125000002,-5.380957031250006],[122.28310546875002,-5.319531250000011],[122.32900390625002,-5.1376953125],[122.39628906249999,-5.06982421875],[122.39003906250002,-4.99853515625],[122.33447265625,-4.8465820312500085],[122.36894531249999,-4.767187500000006],[122.5244140625,-4.707128906250006],[122.65996093749999,-4.633886718750006],[122.70195312499999,-4.61865234375],[122.73974609375,-4.675000000000011],[122.75986328125003,-4.933886718750003],[122.61406249999999,-5.138671875],[122.64511718750003,-5.2694335937500085],[122.61933593750001,-5.3358398437500085]]],[[[108.17958984375002,3.653076171875],[108.10039062499999,3.704541015624997],[108.18613281250003,3.7679687499999943],[108.21640625000003,3.772167968749997],[108.23613281249999,3.7845703124999943],[108.24326171875003,3.8103515624999886],[108.08847656250003,3.8520996093749886],[108.04453125000003,3.8889648437499886],[108.00234375000002,3.982861328124997],[108.00351562500003,4.0425781249999915],[108.20195312499999,4.200488281249989],[108.24833984374999,4.2171386718749915],[108.25556640625001,4.151757812499994],[108.39287109374999,3.9861816406249915],[108.39882812500002,3.8759765625],[108.3935546875,3.836181640625],[108.31601562500003,3.689648437499997],[108.17958984375002,3.653076171875]]],[[[108.19179687500002,-3.10302734375],[108.16728515624999,-3.1427734375000114],[108.08359375000003,-3.1949218750000057],[108.05527343750003,-3.226855468750003],[107.97714843750003,-3.2217773437500057],[107.96728515625,-3.1666015625000057],[107.94111328125001,-3.1292968750000085],[107.85820312499999,-3.0863281250000085],[107.83662109375001,-3.0966796875],[107.82177734375,-3.1607421875000057],[107.65957031250002,-3.20556640625],[107.61445312500001,-3.2093750000000085],[107.63671875,-3.124804687500003],[107.59492187500001,-3.058398437500003],[107.59160156249999,-2.9765625],[107.58388671875002,-2.940722656250003],[107.5634765625,-2.9201171875000114],[107.60488281250002,-2.863085937500003],[107.59814453125,-2.7997070312500085],[107.6416015625,-2.7315429687500057],[107.66630859374999,-2.5663085937500085],[107.83779296875002,-2.5302734375],[107.87470703125001,-2.5596679687500057],[108.07441406250001,-2.596972656250003],[108.21513671874999,-2.6969726562500114],[108.29062500000003,-2.8299804687500085],[108.20722656250001,-2.9976562500000057],[108.19179687500002,-3.10302734375]]],[[[127.91376953125001,-1.6851562500000057],[127.74101562500005,-1.6908203125000085],[127.56162109375003,-1.728515625],[127.45761718750003,-1.6966796875000085],[127.39218750000003,-1.6448242187500028],[127.39501953125,-1.58984375],[127.45673828125001,-1.4537109375000057],[127.591796875,-1.3507812500000114],[127.64667968750001,-1.3324218750000085],[127.74296875000005,-1.3602539062500085],[127.90507812500005,-1.4390625000000057],[128.0,-1.5078590883027332],[128.0,-1.701088899524007],[127.91376953125001,-1.6851562500000057]]],[[[126.03789062499999,-2.4694335937500114],[125.97792968750002,-2.4154296875000085],[125.93759765625003,-2.2627929687500057],[125.90322265625002,-2.22216796875],[125.86289062500003,-2.0771484375],[125.87324218750001,-2.035937500000003],[125.92275390625002,-1.9748046875000114],[125.96279296875002,-1.9757812500000114],[125.99267578125,-2.0118164062500057],[125.97597656250002,-2.1680664062500057],[126.06572265624999,-2.3658203125000057],[126.05507812500002,-2.4512695312500057],[126.03789062499999,-2.4694335937500114]]],[[[126.33173828125001,-1.8228515625000057],[126.2880859375,-1.85888671875],[125.95644531250002,-1.9166015625000057],[125.8388671875,-1.9061523437500085],[125.47919921875001,-1.9400390625000057],[125.4326171875,-1.9380859375000057],[125.42597656250001,-1.8822265625000085],[125.38720703125,-1.8430664062500028],[125.44472656250002,-1.8089843750000085],[125.52089843750002,-1.8008789062500057],[125.72031250000003,-1.8137695312500028],[126.02421874999999,-1.7897460937500114],[126.33173828125001,-1.8228515625000057]]],[[[125.06298828125,-1.7410156250000028],[125.09589843750001,-1.7408203125000057],[125.12675781249999,-1.6993164062500057],[125.14580078124999,-1.6925781250000114],[125.18789062500002,-1.712890625],[125.19765625000002,-1.7802734375],[125.25820312500002,-1.7708984375000085],[125.30537109375001,-1.7939453125],[125.32021484375002,-1.81005859375],[125.31406250000003,-1.8771484375000114],[125.134765625,-1.8889648437500028],[125.00673828125002,-1.9430664062500114],[124.83447265625,-1.8944335937500085],[124.63916015625,-1.9782226562500114],[124.52060546875003,-2.0069335937500057],[124.41777343749999,-2.005175781250003],[124.32968750000003,-1.85888671875],[124.380859375,-1.6875],[124.41757812500003,-1.6592773437500057],[124.48300781250003,-1.6443359375000028],[124.66396484375002,-1.6359375000000114],[124.96953124999999,-1.7054687500000085],[125.06298828125,-1.7410156250000028]]],[[[126.814453125,-7.716503906250011],[126.81269531250001,-7.737890625000006],[126.69287109375,-7.753515625000006],[126.57734375000001,-7.8076171875],[126.51816406250003,-7.869921875000003],[126.47207031250002,-7.950390625000011],[126.31289062500002,-7.917675781250011],[126.17109375000001,-7.912304687500011],[126.1083984375,-7.883984375000011],[126.0400390625,-7.885839843750006],[125.95156250000002,-7.910937500000003],[125.826171875,-7.979296875000003],[125.79824218750002,-7.984570312500011],[125.80839843749999,-7.880664062500003],[125.84316406250002,-7.816699218750003],[125.97529296875001,-7.663378906250003],[126.08535156250002,-7.697363281250006],[126.21367187499999,-7.706738281250011],[126.359375,-7.6767578125],[126.462890625,-7.6078125000000085],[126.60957031250001,-7.57177734375],[126.72636718749999,-7.662207031250006],[126.80097656250001,-7.6678710937500085],[126.814453125,-7.716503906250011]]],[[[124.599609375,-8.201757812500006],[124.67685546875003,-8.168066406250006],[124.75224609374999,-8.159570312500009],[124.92412109374999,-8.166015625],[125.05029296875,-8.179589843750009],[125.12460937500003,-8.204785156250011],[125.13173828125002,-8.326464843750003],[125.09677734375003,-8.352832031250003],[124.44423828125002,-8.444628906250003],[124.38066406249999,-8.415136718750006],[124.35556640625003,-8.385937500000011],[124.42597656250001,-8.295800781250009],[124.3935546875,-8.253027343750006],[124.4306640625,-8.183203125000006],[124.50859374999999,-8.135449218750011],[124.57558593750002,-8.140820312500011],[124.599609375,-8.201757812500006]]],[[[96.615234375,5.22021484375],[96.84267578125002,5.274462890624989],[96.9677734375,5.2691406249999915],[97.08574218749999,5.229931640624997],[97.1904296875,5.207324218749989],[97.451171875,5.236035156249997],[97.50019531250001,5.228320312499989],[97.54716796874999,5.205859374999989],[97.58750000000003,5.170361328124997],[97.70673828125001,5.0401367187499915],[97.90839843750001,4.8799804687499915],[97.96660156249999,4.777490234374994],[97.99980468749999,4.662255859374994],[98.02070312500001,4.635205078124997],[98.24843750000002,4.41455078125],[98.27333984375002,4.322314453124989],[98.2412109375,4.194531249999997],[98.30732421875001,4.0928710937499915],[98.5283203125,3.99755859375],[98.65869140625,3.9281249999999943],[98.6865234375,3.8855468749999886],[98.70576171875001,3.8347656249999886],[98.77792968750003,3.7594238281249943],[98.86865234375,3.7103515624999943],[99.15117187499999,3.581249999999997],[99.521484375,3.3111816406249943],[99.73232421875002,3.183056640624997],[99.90664062500002,2.9881835937499943],[99.96943359375001,2.8949218749999943],[100.02128906249999,2.7942382812499886],[100.12724609374999,2.6476074218749943],[100.30722656250003,2.4666015624999886],[100.35273437500001,2.4114746093749915],[100.40117187499999,2.3316406249999915],[100.45703125,2.2574218749999915],[100.52382812500002,2.189160156249997],[100.60361328125003,2.136962890625],[100.68525390625001,2.120068359374997],[100.81679687500002,1.9892578125],[100.88789062500001,1.9482421875],[100.87666015625001,2.0505859374999886],[100.81689453125,2.1401855468749886],[100.81777343750002,2.1942382812499943],[100.82822265625003,2.2425781249999943],[100.87705078125003,2.2833007812499915],[100.93593750000002,2.2947265624999886],[101.04619140624999,2.2574707031249943],[101.22519531250003,2.102246093749997],[101.30078125,2.0118164062499915],[101.35761718750001,1.8870117187499886],[101.40507812499999,1.7574218749999915],[101.47666015625003,1.6930664062499972],[101.57499999999999,1.6705566406249943],[101.68427734375001,1.6612304687499915],[101.78476562500003,1.6213867187499886],[102.01992187500002,1.442138671875],[102.09804687500002,1.35791015625],[102.1572265625,1.2588867187499915],[102.19794921875001,1.1416992187499915],[102.22333984375001,1.0187011718749943],[102.23906249999999,0.9903320312499915],[102.38994140624999,0.8419921874999972],[102.46923828125,0.779296875],[102.56640625,0.7488281249999886],[102.84941406249999,0.7154785156249943],[102.94931640625003,0.6642089843749943],[103.03183593750003,0.5789062499999886],[103.06650390625003,0.49199218749998863],[103.00751953125001,0.41533203124998863],[102.78632812500001,0.2977539062499943],[102.55000000000001,0.21645507812499432],[102.77958984374999,0.24448242187499147],[102.89589843750002,0.27861328124998863],[103.00283203125002,0.33198242187499716],[103.10869140624999,0.3998046874999943],[103.27656250000001,0.4945312499999943],[103.33896484375003,0.5137207031249886],[103.41230468750001,0.5069335937499915],[103.47890625000002,0.48017578124999716],[103.57871093750003,0.3870605468749915],[103.67265624999999,0.2889160156249915],[103.74277343750003,0.17441406249999147],[103.78671875000003,0.046972656249991473],[103.70644531250002,-0.019580078125002842],[103.58945312500003,-0.06875000000000853],[103.42851562499999,-0.19179687500000853],[103.41162109375,-0.24042968750001137],[103.44443359375003,-0.27167968750001137],[103.40517578125002,-0.3622070312500085],[103.49541015624999,-0.4180664062500057],[103.50917968750002,-0.46552734375001137],[103.43115234375,-0.5335937500000085],[103.43857421875003,-0.5755859375000085],[103.53271484375,-0.7546875000000028],[103.57753906250002,-0.7957031250000028],[103.72109375000002,-0.88671875],[103.94003906250003,-0.9791015625000057],[104.06113281250003,-1.0213867187500085],[104.19853515624999,-1.0542968750000057],[104.25751953125001,-1.0534179687500114],[104.36054687500001,-1.0383789062500028],[104.38125000000002,-1.07421875],[104.42568359375002,-1.2506835937500114],[104.44687500000003,-1.3624023437500057],[104.47832031249999,-1.60009765625],[104.5185546875,-1.69873046875],[104.51591796874999,-1.8194335937500057],[104.56875000000002,-1.9217773437500085],[104.67636718750003,-1.9872070312500085],[104.791015625,-2.040820312500003],[104.84521484375,-2.0929687500000114],[104.84453124999999,-2.1717773437500085],[104.82607421875002,-2.234179687500003],[104.78730468750001,-2.28271484375],[104.66845703125,-2.385546875000003],[104.64726562499999,-2.4298828125000114],[104.63056640625001,-2.5433593750000085],[104.65078125000002,-2.59521484375],[104.69833984375003,-2.59814453125],[104.73574218750002,-2.5708984375000057],[104.87841796875,-2.4188476562500085],[104.9169921875,-2.3921875000000057],[104.97080078125003,-2.370898437500003],[105.02587890625,-2.3575195312500057],[105.28652343750002,-2.356250000000003],[105.39697265625,-2.380175781250003],[105.49531250000001,-2.4296875],[105.58203125,-2.491992187500003],[105.89912109375001,-2.8877929687500057],[106.04433593750002,-3.106250000000003],[106.05576171875003,-3.16064453125],[106.05839843749999,-3.2171875000000085],[106.03369140625,-3.2609375000000114],[105.90146484375003,-3.4100585937500085],[105.88505859374999,-3.4512695312500057],[105.84375,-3.6136718750000085],[105.8515625,-3.7305664062500057],[105.8955078125,-3.7796875000000085],[105.93046874999999,-3.8330078125],[105.927734375,-3.88134765625],[105.84062499999999,-4.121777343750011],[105.83144531250002,-4.162890625000003],[105.88652343749999,-4.553906250000011],[105.89052734375002,-4.659765625000006],[105.87929687500002,-4.793652343750011],[105.88720703125,-5.009570312500003],[105.81611328125001,-5.676562500000003],[105.802734375,-5.716406250000006],[105.74833984374999,-5.8182617187500085],[105.67656249999999,-5.817578125000011],[105.61855468750002,-5.799609375000003],[105.57792968749999,-5.7606445312500085],[105.55556640625002,-5.7123046875000085],[105.52265625000001,-5.6727539062500085],[105.34941406249999,-5.549511718750011],[105.30400390624999,-5.570019531250011],[105.12812500000001,-5.722851562500011],[105.08134765624999,-5.7455078125000085],[105.02265625000001,-5.726855468750003],[104.93027343750003,-5.68115234375],[104.63955078125002,-5.5204101562500085],[104.62167968750003,-5.57177734375],[104.6181640625,-5.6415039062500085],[104.67597656250001,-5.816210937500003],[104.68398437500002,-5.892675781250006],[104.63105468750001,-5.907910156250011],[104.6015625,-5.904589843750003],[104.48085937500002,-5.8031250000000085],[104.36953125000002,-5.690722656250003],[104.24296874999999,-5.538867187500003],[104.15048828125003,-5.466601562500003],[104.06679687500002,-5.385937500000011],[103.83144531250002,-5.07958984375],[103.77031249999999,-5.032812500000006],[103.40566406250002,-4.81640625],[103.33212890625003,-4.765234375000006],[103.23886718750003,-4.6756835937500085],[103.138671875,-4.59619140625],[102.9189453125,-4.470703125],[102.53769531250003,-4.152148437500003],[102.37197265625002,-3.96923828125],[102.18769531250001,-3.6745117187500114],[102.12753906250003,-3.5992187500000057],[101.81787109375,-3.3780273437500057],[101.64902343750003,-3.2440429687500085],[101.57861328125,-3.1669921875],[101.41425781250001,-2.8988281250000085],[101.3662109375,-2.8084960937500085],[101.3056640625,-2.7287109375000114],[101.20625000000001,-2.6639648437500085],[101.11855468750002,-2.5877929687500085],[100.94443359375003,-2.34521484375],[100.88955078125002,-2.24853515625],[100.84804687500002,-2.1439453125000085],[100.85527343749999,-1.9341796875000057],[100.48652343750001,-1.2991210937500028],[100.39394531250002,-1.1012695312500114],[100.30820312500003,-0.82666015625],[100.2890625,-0.798828125],[100.087890625,-0.5529296875000114],[100.01669921875003,-0.4742187500000057],[99.9306640625,-0.40019531250000284],[99.86005859375001,-0.31376953125000284],[99.72128906250003,-0.032958984375],[99.66982421875002,0.045068359374994316],[99.59765625,0.10244140624999432],[99.33457031250003,0.20859374999999147],[99.23642578125003,0.26777343749999716],[99.1591796875,0.35175781249999716],[99.11171875000002,0.45893554687499716],[99.0595703125,0.6863769531249915],[98.935546875,1.0319335937499972],[98.79638671875,1.49462890625],[98.70253906250002,1.7019531249999886],[98.59531250000003,1.8645996093749915],[98.56425781249999,1.9021484374999886],[98.08652343750003,2.195068359375],[98.00507812500001,2.2381835937499943],[97.91855468750003,2.2642089843749886],[97.79501953125003,2.2828613281249943],[97.70078125000003,2.3585449218749943],[97.66201171875002,2.4942871093749943],[97.640625,2.6764160156249943],[97.61679687500003,2.785107421874997],[97.5908203125,2.8465820312499943],[97.39130859375001,2.975292968749997],[97.31318359375001,3.0770507812499943],[97.24794921875002,3.1890136718749886],[97.18837890625002,3.2757324218749915],[96.96894531250001,3.575146484374997],[96.89394531250002,3.6537109374999943],[96.80097656250001,3.7085449218749886],[96.525390625,3.7666015625],[96.44472656250002,3.8163085937499943],[96.31083984374999,3.986328125],[96.23007812500003,4.07275390625],[95.98798828125001,4.2632812499999915],[95.57861328125,4.6619628906249915],[95.49472656250003,4.761376953124994],[95.43193359374999,4.865039062499989],[95.38125000000002,4.9761718749999915],[95.20664062500003,5.2840332031249915],[95.220703125,5.346240234374989],[95.2470703125,5.410791015624994],[95.24296874999999,5.464306640624997],[95.22382812500001,5.51708984375],[95.22783203124999,5.5647949218749915],[95.27958984374999,5.5928710937499915],[95.39609375000003,5.628808593749994],[95.51699218750002,5.6246093749999915],[95.62890625,5.609082031249997],[95.7373046875,5.579296874999997],[95.84130859375,5.5145019531249915],[96.02734375,5.3511718749999915],[96.13330078125,5.2942871093749915],[96.25087890625002,5.266992187499994],[96.49257812500002,5.2293457031249915],[96.615234375,5.22021484375]]],[[[122.64150390625002,-8.647265625000003],[122.55380859375003,-8.680957031250003],[122.47021484375,-8.725488281250009],[122.41728515624999,-8.734667968750003],[122.32148437500001,-8.73828125],[122.18574218750001,-8.730273437500003],[122.09414062500002,-8.744726562500006],[121.83867187499999,-8.8603515625],[121.73828125,-8.870410156250003],[121.6513671875,-8.898730468750003],[121.62128906250001,-8.853808593750003],[121.58457031250003,-8.820605468750003],[121.49960937500003,-8.812207031250011],[121.41464843750003,-8.814843750000009],[121.32832031250001,-8.916894531250009],[121.19082031250002,-8.8955078125],[121.13749999999999,-8.904492187500011],[121.08613281250001,-8.925976562500011],[121.03525390625003,-8.935449218750009],[120.98183593750002,-8.928320312500006],[120.78095703125001,-8.848828125000011],[120.55048828125001,-8.801855468750006],[120.31953125000001,-8.8203125],[120.12089843749999,-8.776953125000006],[120.01210937500002,-8.810156250000006],[119.90937500000001,-8.857617187500011],[119.87910156250001,-8.8076171875],[119.84140625000003,-8.763574218750009],[119.80791015624999,-8.697656250000009],[119.80703125000002,-8.622949218750009],[119.81816406249999,-8.570507812500011],[119.84765625,-8.522851562500009],[119.86611328125002,-8.47314453125],[119.87480468749999,-8.419824218750009],[119.91826171874999,-8.445117187500003],[119.96376953125002,-8.435546875],[120.09921875000003,-8.377539062500006],[120.23115234375001,-8.289843750000003],[120.35410156250003,-8.2578125],[120.42490234375003,-8.248925781250009],[120.48554687500001,-8.26611328125],[120.54716796874999,-8.259863281250006],[120.61025390625002,-8.240429687500011],[120.70957031250003,-8.307812500000011],[120.75136718750002,-8.321484375000011],[120.88613281250002,-8.32666015625],[121.00869140625002,-8.365527343750003],[121.1181640625,-8.423535156250011],[121.27666015624999,-8.477929687500009],[121.37197265625002,-8.550878906250006],[121.44453125000001,-8.577832031250011],[121.49843750000002,-8.585156250000011],[121.54794921875003,-8.575292968750006],[121.6103515625,-8.526171875000003],[121.68339843749999,-8.505859375],[121.7470703125,-8.506640625000003],[121.86289062500003,-8.493945312500003],[121.91171875000003,-8.482128906250011],[121.96650390625001,-8.455175781250006],[122.02011718750003,-8.471875000000011],[122.06708984375001,-8.496679687500006],[122.26308593750002,-8.624902343750009],[122.3232421875,-8.628320312500009],[122.43349609375002,-8.600781250000011],[122.46660156249999,-8.56640625],[122.48359375000001,-8.513574218750009],[122.51376953125003,-8.469628906250009],[122.55585937500001,-8.431542968750009],[122.603515625,-8.402441406250006],[122.75,-8.353125000000006],[122.85048828125002,-8.304394531250011],[122.91914062500001,-8.221875000000011],[122.75859374999999,-8.185937500000009],[122.79238281250002,-8.126562500000006],[122.845703125,-8.09326171875],[122.9169921875,-8.105566406250006],[122.97832031249999,-8.151953125000006],[123.00595703125003,-8.3291015625],[122.95546875000002,-8.354101562500006],[122.92363281249999,-8.380957031250006],[122.90214843749999,-8.416308593750003],[122.81113281250003,-8.481152343750011],[122.84677734375003,-8.562207031250011],[122.82001953125001,-8.595703125],[122.78291015625001,-8.611718750000009],[122.64150390625002,-8.647265625000003]]],[[[120.0576171875,-9.419726562500003],[120.22109375000002,-9.50634765625],[120.248046875,-9.542871093750009],[120.25830078125,-9.603125000000006],[120.29111328125003,-9.647851562500009],[120.36474609375,-9.654687500000009],[120.44365234374999,-9.645605468750006],[120.50371093749999,-9.674023437500011],[120.55556640625002,-9.719042968750003],[120.63261718749999,-9.806445312500003],[120.70039062500001,-9.903125000000003],[120.78447265624999,-9.95703125],[120.83261718750003,-10.037500000000009],[120.80419921875,-10.108496093750006],[120.69804687499999,-10.206640625000006],[120.64042968749999,-10.227929687500009],[120.56171875000001,-10.235644531250003],[120.43916015625001,-10.294042968750006],[120.39453125,-10.263476562500003],[120.25546875000003,-10.242285156250006],[120.14482421874999,-10.200097656250009],[120.05195312500001,-10.122851562500003],[119.99843750000002,-10.039746093750011],[119.9306640625,-9.966503906250011],[119.81279296874999,-9.91748046875],[119.60107421875,-9.773535156250006],[119.47031250000003,-9.760546875000003],[119.41650390625,-9.771093750000006],[119.36259765624999,-9.771777343750003],[119.08544921875,-9.706933593750009],[119.04238281250002,-9.669042968750006],[119.00839843750003,-9.620507812500009],[118.97734374999999,-9.572851562500006],[118.95878906249999,-9.519335937500003],[118.994140625,-9.472070312500009],[119.03144531250001,-9.440234375000003],[119.18564453125003,-9.384472656250011],[119.2958984375,-9.3671875],[119.42392578125003,-9.369824218750011],[119.61474609375,-9.352441406250009],[119.79511718750001,-9.380468750000006],[119.85078125000001,-9.359570312500011],[119.94208984375001,-9.301464843750011],[119.97382812500001,-9.321582031250003],[120.01249999999999,-9.374707031250011],[120.0576171875,-9.419726562500003]]],[[[118.29238281250002,-8.357226562500003],[118.337890625,-8.353515625],[118.43320312500003,-8.293261718750003],[118.49062500000002,-8.271484375],[118.55214843750002,-8.270410156250009],[118.61191406250003,-8.280664062500009],[118.67060546875001,-8.323437500000011],[118.69179687500002,-8.393457031250009],[118.7138671875,-8.414941406250009],[118.74833984374999,-8.331152343750006],[118.79423828124999,-8.305859375000011],[118.845703125,-8.293066406250006],[118.92617187500002,-8.297656250000003],[118.98779296875,-8.337695312500003],[119.04384765625002,-8.456738281250011],[119.04208984375003,-8.560937500000009],[119.0625,-8.599804687500011],[119.10107421875,-8.628222656250003],[119.12968749999999,-8.668164062500011],[119.10419921875001,-8.7099609375],[119.07890624999999,-8.73046875],[119.00625000000002,-8.749609375000006],[118.97148437499999,-8.7412109375],[118.93935546875002,-8.713085937500011],[118.9033203125,-8.702734375000006],[118.82119140625002,-8.712109375000011],[118.74589843749999,-8.735449218750006],[118.75625000000002,-8.773632812500011],[118.81806640625001,-8.790820312500003],[118.83671874999999,-8.808886718750003],[118.83261718750003,-8.833398437500009],[118.80830078125001,-8.838281250000009],[118.72792968750002,-8.805273437500006],[118.67363281249999,-8.811914062500009],[118.47861328125003,-8.8564453125],[118.42695312500001,-8.85546875],[118.39785156250002,-8.813378906250009],[118.39990234375,-8.703710937500006],[118.37890625,-8.674609375000003],[118.23398437500003,-8.807812500000011],[118.18994140625,-8.840527343750011],[118.13154296875001,-8.85595703125],[118.07070312500002,-8.8505859375],[117.86123046875002,-8.931445312500003],[117.79541015625,-8.920117187500011],[117.73164062500001,-8.919921875],[117.50791015625003,-9.007519531250011],[117.38789062500001,-9.031933593750011],[117.32636718750001,-9.03369140625],[117.26503906250002,-9.026171875000003],[117.21025390624999,-9.034082031250009],[117.16123046875003,-9.069238281250009],[117.06132812499999,-9.099023437500009],[116.95820312500001,-9.076367187500011],[116.87109375,-9.046191406250003],[116.78847656250002,-9.00634765625],[116.76796875000002,-8.955468750000009],[116.77207031250003,-8.894335937500003],[116.80693359374999,-8.810937500000009],[116.78310546875002,-8.664648437500006],[116.80126953125,-8.597949218750003],[116.83505859375003,-8.532421875000011],[116.88623046875,-8.50830078125],[116.953125,-8.50341796875],[117.06367187500001,-8.444433593750006],[117.16484374999999,-8.3671875],[117.2236328125,-8.37451171875],[117.35664062500001,-8.428515625000003],[117.4345703125,-8.434960937500009],[117.56708984375001,-8.426367187500006],[117.62177734375001,-8.459570312500006],[117.64335937499999,-8.535546875000009],[117.6728515625,-8.563281250000003],[117.71210937500001,-8.582617187500006],[117.80605468750002,-8.711132812500011],[117.89316406250003,-8.704394531250003],[117.96953124999999,-8.72802734375],[118.10410156250003,-8.650292968750009],[118.20595703125002,-8.652148437500003],[118.23486328125,-8.591894531250006],[118.17402343750001,-8.527539062500011],[118.10048828125002,-8.475195312500006],[118.06103515625,-8.464257812500009],[118.01787109374999,-8.467382812500006],[117.97910156250003,-8.458886718750009],[117.81484375000002,-8.342089843750003],[117.76640624999999,-8.279003906250011],[117.73837890625003,-8.20458984375],[117.75527343750002,-8.149511718750006],[117.86826171875003,-8.100878906250003],[117.92099609375003,-8.089062500000011],[118.11748046874999,-8.122265625000011],[118.15068359374999,-8.150000000000006],[118.20283203125001,-8.267285156250011],[118.24238281250001,-8.317773437500009],[118.29238281250002,-8.357226562500003]]],[[[124.69814453125002,0.8255859374999943],[124.63984375000001,0.7435546874999943],[124.58906250000001,0.6552734375],[124.51406250000002,0.55712890625],[124.42753906249999,0.4706054687499943],[124.38437500000003,0.4449707031249943],[124.27802734375001,0.3984375],[124.216796875,0.38037109375],[124.10136718749999,0.37456054687498863],[123.75380859375002,0.3055175781249915],[123.6396484375,0.2974609374999915],[123.52597656250003,0.30034179687498863],[123.31044921875002,0.31757812499999716],[123.26542968749999,0.32661132812499716],[123.17949218749999,0.41552734375],[123.08251953125,0.48583984375],[122.99687499999999,0.4935058593749915],[122.90957031250002,0.4859863281249943],[122.28076171875,0.4810546874999915],[122.06093750000002,0.468017578125],[121.84199218750001,0.43657226562498863],[121.72275390625003,0.45087890624999716],[121.60458984375003,0.48613281249998863],[121.51572265625003,0.4984374999999943],[121.42578125,0.49482421874999716],[121.01298828124999,0.44169921874998863],[120.9091796875,0.44677734375],[120.70039062500001,0.5146972656249886],[120.57900390625002,0.5283203125],[120.4599609375,0.5103027343749886],[120.34902343750002,0.44921875],[120.30703125000002,0.40825195312498863],[120.19228515625002,0.26850585937499716],[120.12734375000002,0.16655273437498863],[120.07832031250001,0.03974609374999716],[120.03603515625002,-0.08994140625000568],[120.01328125000003,-0.19619140625000853],[120.01210937500002,-0.30712890625],[120.03173828125,-0.4320312500000085],[120.06289062500002,-0.5555664062500085],[120.09746093749999,-0.64990234375],[120.24062500000002,-0.8682617187500057],[120.26982421874999,-0.8992187500000028],[120.42539062500003,-0.9606445312500114],[120.517578125,-1.0394531250000085],[120.60507812500003,-1.2584960937500114],[120.66738281250002,-1.3701171875],[120.72861328125003,-1.3714843750000085],[120.79697265625003,-1.3636718750000085],[120.91582031249999,-1.3778320312500085],[121.03369140625,-1.4065429687500028],[121.14853515625003,-1.3394531250000057],[121.21259765625001,-1.2125000000000057],[121.27685546875,-1.1181640625],[121.43134765625001,-0.9385742187500057],[121.51933593749999,-0.8555664062500057],[121.57558593750002,-0.8285156250000085],[121.63271484375002,-0.84033203125],[121.68115234375,-0.8878906250000114],[121.73769531250002,-0.9256835937500085],[121.85312500000003,-0.9459960937500114],[121.96962890625002,-0.9333007812500114],[122.09365234375002,-0.875],[122.13808593750002,-0.8392578125000085],[122.17490234375003,-0.7937500000000028],[122.27998046875001,-0.7570312500000114],[122.52968750000002,-0.7566406250000028],[122.65878906250003,-0.7698242187500028],[122.88876953125003,-0.7551757812500028],[122.88554687499999,-0.7220703125000085],[122.84111328124999,-0.68701171875],[122.82949218750002,-0.6588867187500114],[122.87226562500001,-0.6407226562500057],[123.02041015625002,-0.5998046875000114],[123.17148437500003,-0.5707031250000085],[123.28144531250001,-0.5915039062500114],[123.37968749999999,-0.6485351562500057],[123.41738281250002,-0.7074218750000085],[123.43417968750003,-0.7782226562500085],[123.39628906249999,-0.9616210937500114],[123.3779296875,-1.0041015625000114],[123.29960937499999,-1.0260742187500114],[123.22578125000001,-1.0017578125000028],[123.15273437500002,-0.9070312500000028],[123.04941406250003,-0.8723632812500028],[122.90283203125,-0.9009765625000057],[122.8525390625,-0.9281250000000085],[122.80742187499999,-0.9660156250000114],[122.724609375,-1.0642578125000028],[122.65566406250002,-1.1751953125000085],[122.50664062499999,-1.3478515625000114],[122.33417968750001,-1.4978515625000028],[122.25068359375001,-1.5552734375000057],[122.15761718750002,-1.5939453125000114],[121.85859375000001,-1.6932617187500085],[121.77988281250003,-1.7669921875000085],[121.71875,-1.86279296875],[121.65097656250003,-1.8954101562500085],[121.57265625000002,-1.90576171875],[121.51386718750001,-1.8877929687500057],[121.39472656250001,-1.8337890625000028],[121.35546875,-1.8782226562500028],[121.34882812500001,-1.9459960937500114],[121.40751953124999,-1.9701171875000085],[121.501953125,-2.0450195312500057],[121.57499999999999,-2.15087890625],[121.62187499999999,-2.173632812500003],[121.72597656250002,-2.2080078125],[121.76972656250001,-2.2409179687500114],[121.84824218750003,-2.33154296875],[121.97187500000001,-2.5423828125000085],[122.01396484374999,-2.6564453125000114],[122.08261718750003,-2.74951171875],[122.29169921875001,-2.9076171875000085],[122.30332031250003,-2.9522460937500057],[122.29042968750002,-3.004199218750003],[122.30654296875002,-3.051562500000003],[122.38125000000002,-3.142382812500003],[122.39902343750003,-3.2008789062500114],[122.31728515625002,-3.2750976562500114],[122.31279296874999,-3.3827148437500085],[122.2626953125,-3.5274414062500057],[122.25136718750002,-3.5762695312500057],[122.2529296875,-3.620410156250003],[122.2880859375,-3.66162109375],[122.3291015625,-3.6942382812500085],[122.38535156250003,-3.71142578125],[122.4345703125,-3.7398437500000057],[122.52919921875002,-3.8526367187500057],[122.57861328125,-3.88232421875],[122.60996093750003,-3.9234375000000057],[122.60673828124999,-3.984667968750003],[122.64990234375,-4.0205078125],[122.68964843750001,-4.08447265625],[122.75039062500002,-4.1000000000000085],[122.77880859375,-4.081640625000006],[122.79824218750002,-4.05419921875],[122.84794921874999,-4.064550781250006],[122.87734375000002,-4.109082031250011],[122.89433593749999,-4.166308593750003],[122.89980468750002,-4.2293945312500085],[122.89736328125002,-4.34912109375],[122.87226562500001,-4.3919921875000085],[122.81757812500001,-4.389941406250003],[122.7197265625,-4.3407226562500085],[122.71503906250001,-4.376269531250003],[122.7216796875,-4.410742187500006],[122.671875,-4.422167968750003],[122.61474609375,-4.4173828125000085],[122.47138671875001,-4.422070312500011],[122.20712890625003,-4.496386718750003],[122.1142578125,-4.540234375000011],[122.05419921875,-4.6201171875],[122.05000000000001,-4.67529296875],[122.0732421875,-4.791699218750011],[122.0380859375,-4.8324218750000085],[121.9169921875,-4.847949218750003],[121.748046875,-4.816699218750003],[121.64570312500001,-4.78564453125],[121.58867187499999,-4.759570312500003],[121.51435546875001,-4.681250000000006],[121.48652343750001,-4.5810546875],[121.54121093750001,-4.282910156250011],[121.55673828125003,-4.24462890625],[121.58339843750002,-4.210546875000006],[121.61152343750001,-4.156347656250006],[121.61806640625002,-4.0926757812500085],[121.53740234374999,-4.014843750000011],[121.41582031249999,-3.9842773437500085],[121.31269531250001,-3.91943359375],[120.91425781250001,-3.5557617187500057],[120.89179687500001,-3.5206054687500057],[120.89091796874999,-3.4603515625000085],[120.90693359375001,-3.4040039062500114],[121.03789062499999,-3.2051757812500057],[121.05429687500003,-3.1670898437500057],[121.0703125,-3.0101562500000085],[121.06679687500002,-2.8809570312500057],[121.05214843750002,-2.7516601562500114],[120.99013671875002,-2.6703125000000085],[120.87939453125,-2.6456054687500057],[120.76503906250002,-2.6416015625],[120.65361328124999,-2.6675781250000057],[120.5439453125,-2.7326171875000114],[120.34140625000003,-2.86962890625],[120.26103515624999,-2.9493164062500057],[120.25410156250001,-3.0528320312500057],[120.30048828125001,-3.154296875],[120.36044921875003,-3.246875000000003],[120.39238281249999,-3.34814453125],[120.43662109375003,-3.707324218750003],[120.43515625000003,-3.747851562500003],[120.38300781250001,-3.852343750000003],[120.36250000000001,-4.085742187500003],[120.38457031249999,-4.415136718750006],[120.42011718750001,-4.617382812500011],[120.40498046875001,-4.727246093750011],[120.31015625000003,-4.963183593750003],[120.28144531250001,-5.0926757812500085],[120.279296875,-5.146093750000006],[120.39091796874999,-5.392578125],[120.41660156250003,-5.490039062500003],[120.43037109375001,-5.591015625000011],[120.31162109375003,-5.541601562500006],[120.25644531250003,-5.544140625000011],[120.20078125000003,-5.559375000000003],[120.07705078125002,-5.575488281250003],[119.95156250000002,-5.57763671875],[119.90761718750002,-5.596289062500006],[119.81845703125003,-5.661816406250011],[119.76445312499999,-5.688281250000003],[119.71728515625,-5.693359375],[119.55742187499999,-5.611035156250011],[119.46308593750001,-5.521679687500011],[119.37617187500001,-5.4248046875],[119.3603515625,-5.314160156250011],[119.390625,-5.2005859375000085],[119.43359375,-5.079199218750006],[119.51953125,-4.8773437500000085],[119.51552734375002,-4.741894531250011],[119.544921875,-4.630859375],[119.59404296874999,-4.523144531250011],[119.61171875000002,-4.423535156250011],[119.62363281250003,-4.034375000000011],[119.61142578125003,-3.999804687500003],[119.49365234375,-3.7685546875],[119.48007812500003,-3.729785156250003],[119.47929687499999,-3.6673828125000085],[119.49199218749999,-3.6078125000000085],[119.49453125000002,-3.5541015625000085],[119.46748046875001,-3.512988281250003],[119.41982421875002,-3.475390625000003],[119.36210937499999,-3.458984375],[119.24003906249999,-3.4752929687500114],[118.99462890625,-3.53759765625],[118.92216796874999,-3.482714843750003],[118.86767578125,-3.3980468750000057],[118.83281249999999,-3.2801757812500085],[118.8125,-3.1566406250000085],[118.82187500000003,-3.0406250000000057],[118.85810546875001,-2.928515625000003],[118.82890624999999,-2.85009765625],[118.78369140625,-2.7647460937500057],[118.78330078125003,-2.7208007812500057],[118.80898437500002,-2.6823242187500114],[118.85332031249999,-2.650195312500003],[118.90751953124999,-2.6314453125000057],[118.95820312500001,-2.597460937500003],[119.09218750000002,-2.48291015625],[119.13535156250003,-2.38232421875],[119.13818359375,-2.2584960937500114],[119.17226562500002,-2.1400390625000085],[119.24082031250003,-2.0309570312500114],[119.32187500000003,-1.9296875],[119.34824218750003,-1.8252929687500057],[119.30830078125001,-1.65966796875],[119.32412109375002,-1.5842773437500028],[119.31035156249999,-1.4957031250000057],[119.30898437500002,-1.408203125],[119.35917968749999,-1.2434570312500028],[119.50820312500002,-0.90673828125],[119.65351562500001,-0.7279296875000085],[119.71132812500002,-0.6807617187500057],[119.78671875000003,-0.7639648437500028],[119.84433593750003,-0.8619140625000057],[119.84521484375,-0.7732421875000028],[119.82988281249999,-0.6863281250000028],[119.77167968750001,-0.48359375000001137],[119.72187500000001,-0.08847656250000568],[119.73583984375,-0.051025390625],[119.78652343750002,-0.056982421875005684],[119.83828125000002,-0.022119140625008527],[119.86562500000002,0.04008789062498863],[119.81171875000001,0.18691406249999432],[119.80927734375001,0.23867187499999432],[119.91328125000001,0.445068359375],[119.998046875,0.5202148437499972],[120.03515625,0.5666015624999972],[120.05644531249999,0.6925292968749943],[120.1005859375,0.7401367187499943],[120.15654296874999,0.774169921875],[120.22978515624999,0.8612304687499943],[120.26953125,0.9708007812499915],[120.29384765625002,0.9791503906249943],[120.32246093750001,0.983154296875],[120.36650390624999,0.8875488281249915],[120.416015625,0.8486816406249886],[120.5166015625,0.8175292968749943],[120.6025390625,0.8543945312499943],[120.62646484375,0.9023925781249886],[120.65888671875001,0.9436523437499886],[120.71103515625003,0.9866699218749915],[120.7548828125,1.03564453125],[120.80361328125002,1.1492675781249915],[120.86796874999999,1.2528320312499943],[120.912109375,1.2889648437499943],[120.96542968750003,1.3118164062499886],[121.02460937500001,1.3257812499999915],[121.08173828125001,1.32763671875],[121.20839843750002,1.2624999999999886],[121.28173828125,1.2498046874999886],[121.35673828124999,1.2545410156249943],[121.40410156249999,1.2436035156249972],[121.44003906250003,1.2144042968749886],[121.47275390625003,1.155517578125],[121.51328125000003,1.104736328125],[121.55068359375002,1.0796874999999915],[121.591796875,1.0679687499999915],[121.86738281250001,1.0885253906249943],[122.10820312499999,1.0311523437499943],[122.43662109375003,1.01806640625],[122.54931640625,0.9844726562499915],[122.65742187500001,0.9405761718749943],[122.78984374999999,0.8628906249999915],[122.83828125000002,0.845703125],[122.89248046875002,0.8499999999999943],[122.96005859375003,0.9229980468749943],[123.01279296875003,0.93896484375],[123.06650390625003,0.9417968749999943],[123.27812499999999,0.9280761718749915],[123.8466796875,0.8381835937499886],[123.93076171875003,0.8504394531249915],[124.27363281250001,1.0222656249999886],[124.41083984375001,1.1851074218749886],[124.53369140625,1.23046875],[124.57539062500001,1.3040527343749915],[124.60019531250003,1.3924316406249915],[124.64375000000001,1.4161621093749943],[124.74667968750003,1.44140625],[124.78769531250003,1.4675781249999886],[124.86064453124999,1.5760253906249915],[124.94707031249999,1.6721679687499886],[124.9892578125,1.7010253906249915],[125.11093750000003,1.6856933593749943],[125.16484374999999,1.6436523437499915],[125.23378906250002,1.5022949218749915],[125.2216796875,1.4787109374999972],[125.14091796874999,1.4083984374999972],[125.11748046874999,1.37890625],[125.02802734375001,1.1802246093749886],[124.966796875,1.0826171874999915],[124.88886718750001,0.9953124999999972],[124.69814453125002,0.8255859374999943]]],[[[107.47470703125003,-6.121777343750011],[107.56298828125,-6.182714843750006],[107.66679687499999,-6.2158203125],[107.77607421875001,-6.218945312500011],[107.8837890625,-6.2333007812500085],[108.0087890625,-6.276953125000006],[108.13759765625002,-6.296679687500003],[108.19746093750001,-6.2890625],[108.25449218750003,-6.2666015625],[108.29501953125003,-6.2650390625000085],[108.33017578125003,-6.2860351562500085],[108.41914062500001,-6.3828125],[108.51591796874999,-6.47119140625],[108.53798828125002,-6.516210937500006],[108.60361328125003,-6.729199218750011],[108.67783203125003,-6.79052734375],[108.77968750000002,-6.808300781250011],[108.8994140625,-6.808398437500003],[109.01835937499999,-6.8172851562500085],[109.29423828124999,-6.866992187500003],[109.40371093750002,-6.860156250000003],[109.50058593750003,-6.810156250000006],[109.5869140625,-6.842578125000003],[109.82099609375001,-6.902441406250006],[109.93623046875001,-6.915820312500003],[110.06708984375001,-6.898730468750003],[110.19843750000001,-6.895117187500006],[110.26093750000001,-6.912402343750003],[110.32109374999999,-6.9383789062500085],[110.37275390625001,-6.94775390625],[110.42626953125,-6.947265625],[110.52089843750002,-6.897265625000003],[110.58359375000003,-6.8056640625],[110.63427734375,-6.690136718750011],[110.67402343750001,-6.56982421875],[110.70078125000003,-6.51806640625],[110.73691406250003,-6.472363281250011],[110.7841796875,-6.442675781250003],[110.83476562499999,-6.4242187500000085],[110.97226562500003,-6.435644531250006],[111.00068359375001,-6.4647460937500085],[111.15439453125003,-6.669042968750006],[111.18154296875002,-6.686718750000011],[111.34208984374999,-6.699511718750003],[111.38652343749999,-6.69287109375],[111.48447265625003,-6.65185546875],[111.54033203124999,-6.648242187500003],[111.6435546875,-6.69873046875],[111.68808593750003,-6.74169921875],[111.73759765624999,-6.7734375],[111.98984375000003,-6.805957031250003],[112.08730468750002,-6.893359375000003],[112.13671875,-6.905078125000003],[112.31230468749999,-6.8944335937500085],[112.43359375,-6.903027343750011],[112.53925781250001,-6.926464843750011],[112.5869140625,-7.050585937500003],[112.6259765625,-7.178027343750003],[112.64873046874999,-7.221289062500006],[112.751953125,-7.2650390625000085],[112.79433593750002,-7.304492187500003],[112.78291015625001,-7.431640625],[112.79453125000003,-7.552441406250011],[113.01357421875002,-7.65771484375],[113.24843750000002,-7.7181640625000085],[113.49765625000003,-7.723828125000011],[113.74746093750002,-7.7030273437500085],[113.87626953124999,-7.67724609375],[114.03730468750001,-7.632128906250003],[114.07070312500002,-7.633007812500011],[114.38271484375002,-7.771093750000006],[114.40927734375003,-7.79248046875],[114.44423828125002,-7.895605468750006],[114.44326171875002,-8.004589843750011],[114.38496093750001,-8.263281250000006],[114.38134765625,-8.334277343750003],[114.38691406250001,-8.405175781250009],[114.44882812500003,-8.559277343750011],[114.48173828124999,-8.603808593750003],[114.59501953124999,-8.684765625000011],[114.59921875000003,-8.727246093750011],[114.58378906249999,-8.769628906250006],[114.45917968750001,-8.740527343750003],[114.38320312500002,-8.705371093750003],[114.33925781250002,-8.647363281250009],[114.27695312500003,-8.614648437500009],[114.15966796875,-8.62646484375],[113.94033203125002,-8.568359375],[113.69257812500001,-8.47802734375],[113.25332031250002,-8.286718750000006],[113.13369140625002,-8.288281250000011],[113.01894531250002,-8.312695312500011],[112.89775390624999,-8.361425781250006],[112.77167968750001,-8.396093750000006],[112.67880859375003,-8.4091796875],[112.58603515625003,-8.399609375000011],[112.3515625,-8.353613281250006],[112.11513671875002,-8.323925781250011],[111.50996093750001,-8.305078125000009],[111.33857421875001,-8.26171875],[111.05537109375001,-8.239550781250003],[110.83017578125003,-8.201953125000003],[110.60722656249999,-8.1494140625],[110.03867187500003,-7.8905273437500085],[109.85263671875003,-7.828417968750003],[109.28164062500002,-7.704882812500003],[109.19355468750001,-7.694921875000006],[108.98671875000002,-7.7041015625],[108.85624999999999,-7.6678710937500085],[108.7412109375,-7.667089843750006],[108.57050781250001,-7.707226562500011],[108.51796875000002,-7.736035156250011],[108.45175781250003,-7.796972656250006],[108.33554687500003,-7.794042968750006],[108.22050781249999,-7.782324218750006],[107.91748046875,-7.72412109375],[107.80439453125001,-7.6883789062500085],[107.69580078125,-7.635546875000003],[107.59785156250001,-7.566699218750003],[107.546875,-7.5418945312500085],[107.28496093749999,-7.4716796875],[107.07119140625002,-7.447460937500011],[106.63144531250003,-7.41552734375],[106.53535156250001,-7.394238281250011],[106.45527343750001,-7.36865234375],[106.41132812500001,-7.311718750000011],[106.41689453125002,-7.239355468750006],[106.44843750000001,-7.1767578125],[106.49150390624999,-7.113867187500006],[106.51972656250001,-7.0537109375],[106.1982421875,-6.927832031250006],[105.9443359375,-6.858984375000006],[105.83476562499999,-6.845800781250006],[105.72480468750001,-6.8460937500000085],[105.60097656250002,-6.8603515625],[105.47841796875002,-6.853710937500011],[105.42080078125002,-6.833203125000011],[105.36191406250003,-6.826171875],[105.30292968750001,-6.841015625000011],[105.25546875000003,-6.835253906250003],[105.2431640625,-6.778027343750011],[105.2734375,-6.7293945312500085],[105.33564453125001,-6.674121093750003],[105.37089843749999,-6.664355468750003],[105.38701171874999,-6.750781250000003],[105.40468750000002,-6.7679687500000085],[105.45976562499999,-6.786914062500003],[105.48369140624999,-6.781542968750003],[105.58085937499999,-6.670996093750006],[105.60800781250003,-6.61669921875],[105.65507812499999,-6.469531250000003],[105.7060546875,-6.4979492187500085],[105.75742187500003,-6.4803710937500085],[105.78691406249999,-6.4569335937500085],[105.86826171875003,-6.116406250000011],[105.93613281250003,-6.0169921875000085],[106.02880859375,-5.934277343750011],[106.07499999999999,-5.914160156250006],[106.16582031249999,-5.9647460937500085],[106.34970703125003,-5.984082031250011],[106.45908203125003,-6.017578125],[106.56875000000002,-6.0218750000000085],[106.67587890625003,-6.038378906250003],[106.8251953125,-6.098242187500006],[106.8779296875,-6.091992187500011],[106.931640625,-6.073437500000011],[107.01162109375002,-6.008496093750011],[107.04628906250002,-5.9041992187500085],[107.162109375,-5.957128906250006],[107.33183593749999,-5.978125000000006],[107.37392578125002,-6.007617187500003],[107.47470703125003,-6.121777343750011]]],[[[109.53896484375002,1.8961914062499972],[109.54892578125003,1.8483398437499972],[109.57080078125,1.8062988281249943],[109.63583984375003,1.7766601562499886],[109.65400390625001,1.6148925781249943],[109.73574218750002,1.52294921875],[109.81806640625001,1.43896484375],[109.87851562500003,1.3978515624999943],[109.94492187500003,1.3380371093749943],[109.99169921875,1.2825683593749915],[110.04082031249999,1.2357421874999943],[110.11474609375,1.1901367187499972],[110.31523437499999,0.9959960937499943],[110.39902343750003,0.9390624999999915],[110.46142578125,0.882080078125],[110.50576171875002,0.8619628906249943],[110.61474609375,0.8781249999999972],[110.93808593750003,1.017333984375],[110.99609375,1.0263671875],[111.10136718749999,1.050537109375],[111.28671875000003,1.043212890625],[111.48320312499999,0.9957519531249943],[111.54667968749999,0.9943359374999972],[111.607421875,1.0226074218749943],[111.69130859375002,1.0142089843749886],[111.76972656250001,0.9994628906249972],[111.80898437500002,1.0116699218749972],[111.92314453124999,1.11328125],[112.07851562500002,1.1433593749999886],[112.12861328125001,1.2436035156249972],[112.16738281250002,1.3381835937499886],[112.18574218750001,1.4390624999999915],[112.25068359375001,1.4796386718749943],[112.34160156249999,1.5147460937499915],[112.47617187500003,1.55908203125],[112.94296875000003,1.5669921874999915],[112.98828125,1.5475585937499972],[112.998046875,1.4962402343749943],[112.98828125,1.4571289062499915],[113.00654296875001,1.4338867187499886],[113.06865234374999,1.4317871093749943],[113.12626953124999,1.4081054687499943],[113.35898437500003,1.3271484375],[113.45820312500001,1.3021484374999943],[113.51318359375,1.3083984374999886],[113.62226562500001,1.2359374999999915],[113.681640625,1.2605957031249915],[113.76035156250003,1.3113769531249915],[113.83525390624999,1.3798828125],[113.90234375,1.4342773437499972],[114.0,1.4552734374999972],[114.1259765625,1.4523437499999972],[114.27470703124999,1.4708984374999972],[114.38710937500002,1.5000488281249886],[114.51249999999999,1.4520019531249915],[114.5458984375,1.4671386718749915],[114.56748046875003,1.51416015625],[114.63222656250002,1.6170410156249915],[114.66093749999999,1.686279296875],[114.68613281250003,1.8190429687499972],[114.70351562500002,1.8507812499999972],[114.75107421875003,1.8689941406249915],[114.80000000000001,1.8939453124999943],[114.81269531250001,1.9337890624999972],[114.83056640625,1.9800292968749886],[114.81582031250002,2.0189453124999943],[114.78798828125002,2.0516113281249915],[114.75869140625002,2.1624023437499886],[114.76835937499999,2.2129394531249886],[114.78642578124999,2.25048828125],[114.83632812500002,2.2693847656249915],[114.96914062500002,2.350830078125],[115.08652343750003,2.4461425781249915],[115.15078125000002,2.492919921875],[115.17910156250002,2.523193359375],[115.18085937500001,2.56689453125],[115.1298828125,2.6124023437499915],[115.08076171875001,2.634228515624997],[115.07705078125002,2.68701171875],[115.07890624999999,2.7234374999999886],[115.09365234375002,2.7578125],[115.08652343750003,2.791210937499997],[115.08632812500002,2.8411132812499886],[115.11757812500002,2.8948730468749915],[115.18994140625,2.9744628906249915],[115.24697265625002,3.0259277343749886],[115.31015625000003,2.9939453124999886],[115.38417968750002,3.008740234374997],[115.45439453124999,3.0343261718749943],[115.4931640625,3.128124999999997],[115.49912109375003,3.1731445312499886],[115.48974609375,3.2086425781249943],[115.51425781250003,3.3423828124999915],[115.51992187500002,3.3616699218749915],[115.56611328125001,3.445751953124997],[115.57070312500002,3.5022949218749915],[115.54453125000003,3.6336914062499943],[115.56093750000002,3.7330566406249943],[115.56845703125003,3.9387695312499886],[115.59609375000002,3.975537109374997],[115.62753906250003,4.081982421874997],[115.67880859375003,4.193017578124994],[115.78242187500001,4.2537597656249915],[115.83681640625002,4.333300781249989],[115.86074218750002,4.348046874999994],[115.89619140625001,4.348681640624989],[116.02158203125003,4.290673828124994],[116.13447265625001,4.355175781249997],[116.23623046875002,4.362548828125],[116.3203125,4.353710937499997],[116.36767578125,4.327343749999997],[116.41455078125,4.3082031249999915],[116.51474609375003,4.370800781249997],[116.55312500000002,4.35986328125],[116.58906250000001,4.338427734374989],[116.638671875,4.339111328125],[116.69785156250003,4.35498046875],[116.84355468749999,4.340136718749989],[117.1005859375,4.337060546874994],[117.27753906250001,4.29931640625],[117.45087890625001,4.19287109375],[117.53730468750001,4.17138671875],[117.57441406250001,4.170605468749997],[117.56621093749999,4.162304687499997],[117.49746093750002,4.1333984374999915],[117.46533203125,4.076074218749994],[117.55937499999999,3.9883300781249886],[117.56601562500003,3.929931640625],[117.63906250000002,3.8779785156249886],[117.72822265625001,3.7967285156249915],[117.73173828124999,3.770263671875],[117.76201171874999,3.73388671875],[117.77724609375002,3.6892578124999886],[117.71445312500003,3.6448242187499886],[117.6298828125,3.6363281249999915],[117.5673828125,3.6782714843749886],[117.50966796875002,3.7303710937499943],[117.49492187499999,3.6655761718749886],[117.45039062500001,3.6285156249999915],[117.28789062499999,3.6393066406249943],[117.17158203125001,3.6389648437499886],[117.05595703124999,3.6226562499999915],[117.11386718750003,3.6126464843749915],[117.16640625000002,3.591992187499997],[117.34628906250003,3.4266113281249915],[117.38466796875002,3.3653808593749943],[117.32187500000003,3.2435546874999943],[117.35244140625002,3.1937499999999943],[117.42207031250001,3.1651855468749943],[117.5068359375,3.1045898437499915],[117.56718749999999,3.0984863281249915],[117.61064453124999,3.0643554687499943],[117.61240234375003,3.0048828125],[117.63789062500001,2.9508300781249943],[117.56914062499999,2.9292968749999915],[117.63720703125,2.9149414062499943],[117.69765625000002,2.8873046874999915],[117.66455078125,2.8592773437499943],[117.63886718750001,2.8252929687499915],[117.66679687499999,2.8069335937499886],[117.74970703125001,2.775585937499997],[117.78593749999999,2.746777343749997],[117.80488281250001,2.6689453125],[117.8857421875,2.541748046875],[118.0341796875,2.377636718749997],[118.06660156250001,2.317822265624997],[118.06630859375002,2.2627441406249886],[118.04160156250003,2.2154296874999915],[117.95703125,2.1599609374999886],[117.88925781250003,2.0870117187499915],[117.88105468750001,2.0606445312499915],[117.78925781250001,2.02685546875],[117.83125000000001,2.0020019531249886],[117.86464843750002,1.9684082031249943],[117.92841796875001,1.8667968749999915],[118.08037109374999,1.7018554687499972],[118.15683593750003,1.6403320312499972],[118.4716796875,1.4164550781249972],[118.63896484374999,1.3189941406249943],[118.8525390625,1.0958496093749943],[118.96347656250003,1.0442871093749915],[118.98496093750003,0.9821289062499972],[118.89238281249999,0.8868652343749943],[118.75742187500003,0.8392089843749915],[118.53476562500003,0.8135253906249886],[118.3115234375,0.8470703124999943],[118.19609374999999,0.8743652343749915],[118.09550781249999,0.9291503906249972],[118.01630859375001,1.0391601562499915],[117.91162109375,1.0986816406249886],[117.95195312499999,1.031982421875],[117.97734374999999,0.9638183593749972],[117.96425781250002,0.8895507812499943],[117.92304687500001,0.8313476562499886],[117.8525390625,0.7886718749999915],[117.77695312500003,0.7540039062499915],[117.7451171875,0.7296386718749943],[117.55332031250003,0.34101562499999716],[117.52216796875001,0.23588867187498863],[117.46376953125002,-0.20048828125000284],[117.462890625,-0.32373046875],[117.54892578125003,-0.5543945312500114],[117.55683593750001,-0.67529296875],[117.57382812500003,-0.7275390625],[117.5625,-0.7708984375000085],[117.52177734374999,-0.7966796875000028],[117.35712890625001,-0.8671875],[117.24072265625,-0.9256835937500085],[117.146484375,-1.0089843750000114],[117.07021484375002,-1.1126953125000085],[117.00322265624999,-1.1876953125000114],[116.91396484375002,-1.2236328125],[116.84941406249999,-1.21826171875],[116.79707031250001,-1.1837890625000114],[116.76054687499999,-1.1171875],[116.73984375000003,-1.0442382812500028],[116.72617187500003,-1.09814453125],[116.72871093750001,-1.1507812500000085],[116.75927734375,-1.2071289062500057],[116.77099609375,-1.2666015625],[116.75341796875,-1.3273437500000114],[116.71523437500002,-1.3757812500000028],[116.61162109374999,-1.4286132812500085],[116.55449218749999,-1.4739257812500028],[116.54511718750001,-1.5531250000000085],[116.517578125,-1.5980468750000085],[116.47792968750002,-1.6328125],[116.33212890625003,-1.7125000000000057],[116.29960937499999,-1.7443359375000114],[116.27548828125003,-1.7848632812500114],[116.35322265625001,-1.7786132812500028],[116.42431640625,-1.7848632812500114],[116.42958984375002,-1.8641601562500085],[116.45195312499999,-1.9231445312500028],[116.42353515625001,-2.052539062500003],[116.31396484375,-2.1398437500000114],[116.36865234375,-2.158203125],[116.41816406250001,-2.1867187500000114],[116.52812499999999,-2.2079101562500085],[116.5654296875,-2.2997070312500085],[116.54921875000002,-2.4108398437500114],[116.529296875,-2.510546875000003],[116.45039062500001,-2.5382812500000114],[116.40126953125002,-2.519824218750003],[116.3525390625,-2.5215820312500057],[116.31679687500002,-2.5518554687500057],[116.30722656250003,-2.603320312500003],[116.37548828125,-2.5780273437500085],[116.37167968750003,-2.706835937500003],[116.35322265625001,-2.8327148437500114],[116.33066406250003,-2.902148437500003],[116.28886718749999,-2.958789062500003],[116.22578125000001,-2.9769531250000085],[116.16630859374999,-2.9345703125],[116.15410156249999,-2.9837890625000085],[116.17226562500002,-3.0252929687500085],[116.25722656250002,-3.1263671875000085],[116.205078125,-3.1485351562500057],[116.16708984375003,-3.1830078125000085],[116.15000000000003,-3.233203125000003],[116.05751953125002,-3.3482421875000057],[116.01669921875003,-3.4328125000000114],[115.99941406250002,-3.5233398437500085],[115.95615234375003,-3.595019531250003],[115.25820312500002,-3.9068359375000057],[114.69355468750001,-4.169726562500003],[114.65253906250001,-4.15185546875],[114.62529296874999,-4.1117187500000085],[114.60595703125,-3.7033203125000114],[114.5361328125,-3.494433593750003],[114.52558593750001,-3.3766601562500114],[114.44599609375001,-3.4818359375000085],[114.39716796875001,-3.47119140625],[114.34433593750003,-3.4444335937500057],[114.30458984375002,-3.4100585937500085],[114.30166015625002,-3.36474609375],[114.34433593750003,-3.235156250000003],[114.29267578125001,-3.3062500000000057],[114.236328125,-3.361132812500003],[114.17792968750001,-3.3543945312500085],[114.12763671875001,-3.3272460937500057],[114.10898437500003,-3.28515625],[114.08222656250001,-3.2789062500000057],[113.95878906249999,-3.394335937500003],[113.79580078125002,-3.4562500000000114],[113.705078125,-3.4552734375000114],[113.63359374999999,-3.419921875],[113.63730468750003,-3.33203125],[113.63007812500001,-3.24609375],[113.61005859375001,-3.1957031250000085],[113.56630859375002,-3.177734375],[113.52597656250003,-3.18408203125],[113.40898437499999,-3.2289062500000085],[113.3671875,-3.2236328125],[113.34316406250002,-3.2464843750000085],[113.03398437499999,-2.9334960937500085],[112.97148437499999,-3.1871093750000057],[112.75800781250001,-3.3221679687500085],[112.60029296875001,-3.4004882812500057],[112.44394531250003,-3.37109375],[112.28496093749999,-3.3209960937500114],[112.12666015625001,-3.3814453125000057],[111.95488281249999,-3.5296875000000085],[111.90742187500001,-3.552539062500003],[111.85810546875001,-3.5518554687500057],[111.82207031249999,-3.532519531250003],[111.83437500000002,-3.4201171875000114],[111.8359375,-3.3077148437500057],[111.82304687499999,-3.0572265625000057],[111.80937499999999,-3.0080078125000114],[111.76015625000002,-2.9391601562500114],[111.69472656250002,-2.889453125000003],[111.65830078125003,-2.92578125],[111.62548828125,-2.9754882812500085],[111.49492187499999,-2.9733398437500114],[111.36757812500002,-2.9336914062500057],[111.25917968750002,-2.9564453125000085],[111.04433593750002,-3.0557617187500057],[110.93007812500002,-3.071093750000003],[110.86875000000003,-3.0487304687500085],[110.82968750000003,-2.9951171875],[110.85205078125,-2.9461914062500085],[110.89931640625002,-2.9085937500000085],[110.81113281250003,-2.9384765625],[110.73583984375,-2.9886718750000085],[110.703125,-3.0208984375000085],[110.66816406250001,-3.0047851562500085],[110.57402343749999,-2.891406250000003],[110.37753906250003,-2.9337890625000114],[110.35097656250002,-2.94677734375],[110.30253906249999,-2.9853515625],[110.25605468750001,-2.966113281250003],[110.23261718750001,-2.925097656250003],[110.22431640625001,-2.6886718750000114],[110.12441406250002,-2.23388671875],[110.09658203125002,-2.0013671875000085],[110.07499999999999,-1.9463867187500057],[109.95986328125002,-1.86279296875],[109.96376953125002,-1.7428710937500114],[110.0234375,-1.642578125],[110.0361328125,-1.5256835937500028],[110.01923828125001,-1.3988281250000085],[109.98330078125002,-1.2748046875000085],[109.93808593750003,-1.18115234375],[109.87343750000002,-1.10107421875],[109.78740234374999,-1.0113281250000057],[109.68173828125003,-0.9442382812500085],[109.45380859375001,-0.8687500000000057],[109.33349609375,-0.8753906250000085],[109.28886718749999,-0.8458007812500057],[109.2587890625,-0.8074218750000028],[109.27099609375,-0.7320312500000057],[109.31171875000001,-0.68017578125],[109.36630859375003,-0.6673828125000085],[109.37275390625001,-0.63818359375],[109.25703125000001,-0.5774414062500028],[109.16054687500002,-0.49492187500000284],[109.13027343750002,-0.4454101562500057],[109.12109375,-0.39091796875000284],[109.12177734375001,-0.2650390625000085],[109.14960937500001,-0.185546875],[109.16474609375001,-0.14248046875000853],[109.19462890624999,-0.009423828125008527],[109.25751953125001,0.031152343749994316],[109.24726562500001,0.055761718749991473],[109.22021484375,0.07382812499999147],[109.18076171875003,0.11748046874998863],[109.14853515625003,0.16767578124999716],[109.07480468750003,0.2528320312499943],[108.94453125000001,0.35566406249999716],[108.92275390625002,0.5328124999999915],[108.90585937500003,0.7939453125],[108.91679687499999,0.9126464843749886],[108.95859375000003,1.1346191406249915],[109.03085937500003,1.2044921874999943],[109.08847656250003,1.2239257812499886],[109.13154296875001,1.2538574218749972],[109.09609375000002,1.2581542968749915],[109.0654296875,1.2471679687499915],[109.01025390625,1.2396484374999943],[109.05546874999999,1.4384765625],[109.07587890625001,1.4958984374999886],[109.16669921875001,1.6070800781249943],[109.27314453125001,1.7054687499999943],[109.31816406249999,1.8210937499999886],[109.37851562500003,1.9227050781249915],[109.62890625,2.027539062499997],[109.53896484375002,1.8961914062499972]]],[[[127.80537109375001,0.825927734375],[127.88105468750001,0.8321289062499915],[127.91865234375001,0.8768066406249915],[127.92910156250002,0.9347167968749943],[127.96728515625,1.0425781249999915],[128.0,1.0697376179245104],[128.0,0.470365361584093],[127.98310546875001,0.47187499999999716],[127.92441406250003,0.4380859374999915],[127.9013671875,0.37226562499999716],[127.88740234375001,0.29833984375],[127.91464843750003,0.206298828125],[127.91220703125003,0.15053710937499432],[127.88896484375005,0.04951171874999716],[127.97783203125005,-0.24833984375000284],[128.0,-0.2953910180171913],[128.0,-0.6365304800179676],[127.88896484375005,-0.42353515625001137],[127.85332031250005,-0.3798828125],[127.74082031250003,-0.3003906250000057],[127.69160156250001,-0.24189453125001137],[127.6748046875,-0.16289062500000284],[127.68740234375002,-0.07993164062500568],[127.68134765625001,0.03486328124999716],[127.68544921875002,0.14902343749999147],[127.70869140625001,0.2880859375],[127.66865234375001,0.3367675781249915],[127.6162109375,0.3829101562499915],[127.55537109375001,0.4896484374999943],[127.537109375,0.6108886718749886],[127.54179687500005,0.6806640625],[127.56699218750003,0.7425292968749915],[127.60068359375003,0.7960449218749943],[127.60800781250003,0.8482421874999915],[127.52041015625002,0.9240234374999972],[127.42851562500005,1.1399902343749915],[127.42031250000002,1.251953125],[127.537109375,1.4674804687499972],[127.53466796875,1.5720703124999886],[127.55791015625005,1.6342285156249972],[127.57070312500002,1.7001464843749972],[127.63173828125002,1.8437011718749972],[127.7314453125,1.9661132812499886],[127.89990234375,2.1373535156249943],[127.96425781250002,2.1747070312499943],[128.0,2.1867500687161505],[128.0,2.0761475566789196],[127.90673828125,1.9456542968749915],[127.89013671875,1.9062988281249886],[127.88681640625003,1.8329589843749972],[127.94648437500001,1.7896484374999915],[128.0,1.7162266216856108],[128.0,1.3111828315548515],[127.98769531250002,1.2895996093749886],[127.88535156250003,1.1627929687499972],[127.65283203125,1.0138671874999972],[127.63300781250001,0.9771972656249943],[127.63437500000003,0.9361328124999915],[127.67744140625001,0.8865722656249915],[127.73271484375005,0.84814453125],[127.80537109375001,0.825927734375]]],[[[127.97001953125005,-3.4443359375],[127.92041015625,-3.5060546875000114],[127.90234375,-3.4962890625000114],[127.92783203125003,-3.397265625000003],[127.92792968750001,-3.3414062500000057],[127.89716796875001,-3.2823242187500057],[127.8779296875,-3.2220703125000085],[128.0,-3.073013904370619],[128.0,-3.3925160378557755],[127.97001953125005,-3.4443359375]]],[[[127.02548828125003,-3.166015625],[127.06289062500002,-3.2169921875000114],[127.09238281250003,-3.2775390625000114],[127.12470703125001,-3.310839843750003],[127.16347656250002,-3.3380859375000114],[127.22734375000005,-3.3910156250000085],[127.24423828125003,-3.4710937500000085],[127.22958984375003,-3.6330078125000114],[127.15517578125002,-3.647265625000003],[127.08505859375003,-3.6708984375],[126.94091796875,-3.7645507812500085],[126.86992187499999,-3.7829101562500114],[126.79414062500001,-3.7891601562500057],[126.74033203125003,-3.8136718750000114],[126.68632812499999,-3.8236328125000085],[126.54667968749999,-3.7716796875000114],[126.4111328125,-3.7106445312500114],[126.21455078125001,-3.6051757812500114],[126.17832031250003,-3.579394531250003],[126.14667968750001,-3.522753906250003],[126.05654296875002,-3.4209960937500057],[126.03398437499999,-3.3558593750000085],[126.02646484375003,-3.1705078125000057],[126.05009765624999,-3.1281250000000114],[126.08828125000002,-3.10546875],[126.21962890625002,-3.1481445312500114],[126.30625000000003,-3.1032226562500114],[126.55507812500002,-3.065234375000003],[126.80830078125001,-3.069140625000003],[126.86113281249999,-3.087890625],[127.02548828125003,-3.166015625]]],[[[124.9150390625,-9.031542968750003],[124.93681640624999,-9.053417968750011],[124.97324218750003,-9.064257812500003],[125.10039062499999,-9.004003906250006],[125.12441406250002,-9.015429687500003],[125.14902343750003,-9.042578125000006],[125.1494140625,-9.122949218750009],[125.10048828125002,-9.189843750000009],[124.9775390625,-9.194921875000006],[124.96015625000001,-9.213769531250009],[124.95859375000003,-9.254687500000003],[124.96826171875,-9.294238281250003],[124.99697265625002,-9.325976562500003],[125.03359375000002,-9.3818359375],[125.06816406249999,-9.511914062500011],[124.99794921875002,-9.565332031250009],[124.96308593750001,-9.665625000000006],[124.841796875,-9.759765625],[124.70839843750002,-9.914160156250006],[124.60185546874999,-9.992968750000003],[124.50820312500002,-10.086132812500011],[124.42753906249999,-10.148632812500011],[124.32675781250003,-10.169824218750009],[124.17597656250001,-10.183300781250011],[123.97109375000002,-10.294824218750009],[123.85761718750001,-10.343554687500003],[123.74726562500001,-10.34716796875],[123.64414062500003,-10.310937500000009],[123.60478515624999,-10.270117187500006],[123.61406249999999,-10.215039062500011],[123.64824218749999,-10.167773437500003],[123.69013671875001,-10.128808593750009],[123.71640625000003,-10.07861328125],[123.59941406249999,-10.01513671875],[123.58925781250002,-9.966796875],[123.6357421875,-9.838085937500011],[123.66582031249999,-9.705273437500011],[123.70937500000002,-9.614843750000006],[123.87675781249999,-9.453125],[123.97714843750003,-9.372949218750009],[124.03632812500001,-9.341601562500003],[124.05244140625001,-9.375390625000009],[124.09013671874999,-9.416406250000009],[124.11552734374999,-9.423144531250003],[124.13457031249999,-9.413867187500003],[124.28232421875003,-9.427929687500011],[124.3193359375,-9.413769531250011],[124.37568359375001,-9.349902343750003],[124.41298828125002,-9.314355468750009],[124.43828124999999,-9.238574218750003],[124.44443359375003,-9.190332031250009],[124.57548828124999,-9.155371093750006],[124.64589843750002,-9.11669921875],[124.70820312500001,-9.061816406250003],[124.88974609375003,-8.968457031250011],[124.92226562500002,-8.942480468750006],[124.9150390625,-9.031542968750003]]],[[[101.76230468750003,1.9965332031249972],[101.77353515625003,1.9434570312499915],[101.73408203125001,1.882568359375],[101.71943359375001,1.7891601562499915],[101.60273437500001,1.7157226562499943],[101.50078124999999,1.7332031249999886],[101.4677734375,1.7593749999999915],[101.40341796875003,1.9013183593749972],[101.40966796875,2.021679687499997],[101.45029296875003,2.067822265624997],[101.54472656249999,2.060742187499997],[101.64072265625003,2.126708984375],[101.70810546875003,2.0784179687499886],[101.76230468750003,1.9965332031249972]]],[[[102.380859375,0.9597656249999886],[102.32529296875003,1.0070312499999972],[102.27958984374999,1.07568359375],[102.25546875000003,1.1471679687499972],[102.23417968749999,1.2639648437499886],[102.22861328125003,1.3478515624999972],[102.25634765625,1.3970703124999915],[102.27646484375003,1.395263671875],[102.35859375000001,1.3456542968749972],[102.41289062499999,1.2607910156249886],[102.44287109375,1.2342285156249915],[102.44882812500003,1.15625],[102.42890625000001,1.0672851562499943],[102.42714843750002,0.9901367187499943],[102.380859375,0.9597656249999886]]],[[[102.49941406250002,1.3309082031249915],[102.42519531250002,1.3644531249999972],[102.36689453125001,1.4154785156249972],[102.27421874999999,1.453125],[102.16132812500001,1.4654296874999915],[102.07871093750003,1.4985839843749886],[102.02089843750002,1.5582031249999915],[102.01835937499999,1.5856445312499972],[102.02402343750003,1.6079589843749886],[102.04218750000001,1.6253906249999943],[102.46953124999999,1.5100585937499886],[102.49189453125001,1.4591796874999972],[102.49941406250002,1.3309082031249915]]],[[[103.0087890625,0.7081054687499915],[102.97148437499999,0.7365234374999972],[102.77626953125002,0.7795898437499886],[102.71054687500003,0.7843749999999972],[102.54160156250003,0.8315917968749886],[102.49042968750001,0.8566406249999972],[102.45390624999999,0.8895019531249915],[102.46640625000003,0.9503417968749943],[102.49140625000001,0.9868652343749886],[102.50664062499999,1.0887695312499943],[102.54921875000002,1.1302246093749915],[102.63320312500002,1.0543945312499972],[102.72617187500003,0.9892089843749972],[102.78007812499999,0.9593749999999943],[102.94414062499999,0.8927246093749943],[103.00244140625,0.8592773437499943],[103.02753906250001,0.7466308593749886],[103.0087890625,0.7081054687499915]]],[[[103.13720703125,0.8416503906249915],[103.08671874999999,0.84814453125],[103.03339843750001,0.8820312499999972],[102.96396484375003,0.9426757812499886],[102.88632812500003,0.9967773437499972],[102.78798828125002,1.0309570312499972],[102.72646484375002,1.041259765625],[102.70185546875001,1.0537109375],[102.7255859375,1.1588378906249943],[102.79013671875003,1.1654785156249972],[102.99941406250002,1.0677734374999943],[103.06757812500001,1.0147460937499915],[103.16640625000002,0.8701660156249886],[103.13720703125,0.8416503906249915]]],[[[103.17216796874999,0.5361816406249886],[103.13955078125002,0.549072265625],[103.1533203125,0.6431152343749886],[103.18740234375002,0.6997558593749886],[103.23818359375002,0.6986328124999943],[103.29511718750001,0.6139648437499972],[103.28447265624999,0.5419433593749972],[103.17216796874999,0.5361816406249886]]],[[[103.4296875,0.65087890625],[103.34443359375001,0.7778808593749886],[103.36572265625,0.8511230468749886],[103.38613281250002,0.8695800781249972],[103.43310546875,0.8249999999999886],[103.47031250000003,0.7781249999999886],[103.49746093750002,0.7227050781249886],[103.4501953125,0.6644531249999943],[103.4296875,0.65087890625]]],[[[104.08808593750001,1.1370117187499886],[104.13984375000001,1.1655761718749886],[104.13779296875003,1.1282226562499886],[104.12734375000002,1.0923828124999915],[104.06611328125001,0.9895507812499886],[103.96357421875001,1.0132324218749886],[103.93984375000002,1.0464843749999915],[103.93222656250003,1.0713867187499915],[103.94697265625001,1.0870117187499915],[103.95537109374999,1.137451171875],[103.99980468749999,1.1372558593749886],[104.02480468750002,1.1805664062499943],[104.08808593750001,1.1370117187499886]]],[[[104.59101562500001,1.1410644531249972],[104.64814453125001,1.1045898437499915],[104.66289062499999,1.0495117187499972],[104.65283203125,0.9610351562499915],[104.59912109375,0.8589843749999915],[104.5751953125,0.8319335937499943],[104.50429687500002,0.8526367187499915],[104.48066406250001,0.8867675781249886],[104.47119140625,0.9134765624999943],[104.48105468750003,0.9325195312499943],[104.42861328125002,0.9564941406249972],[104.46240234375,0.9955566406249972],[104.43925781249999,1.0504394531249943],[104.2939453125,1.01611328125],[104.251953125,1.014892578125],[104.24423828125003,1.077392578125],[104.25019531250001,1.1026367187499915],[104.36181640625,1.1814941406249915],[104.42841796875001,1.196044921875],[104.50009765625003,1.1802246093749886],[104.58535156250002,1.2161132812499886],[104.59101562500001,1.1410644531249972]]],[[[104.80751953125002,-0.19248046875000568],[104.84316406250002,-0.140625],[104.90898437499999,-0.21171875000000284],[104.94970703125,-0.24726562500001137],[105.00537109375,-0.2828125000000057],[104.95058593750002,-0.28447265625000284],[104.92851562499999,-0.3169921875000057],[104.91425781250001,-0.3233398437500057],[104.70224609375003,-0.20869140625001137],[104.56660156250001,-0.24560546875],[104.47353515625002,-0.21210937500001137],[104.44707031249999,-0.18916015625001137],[104.4970703125,-0.12636718750000853],[104.54267578125001,0.017724609374994316],[104.63564453125002,-0.018457031250008527],[104.65839843750001,-0.06284179687500568],[104.65273437500002,-0.07602539062500568],[104.71347656250003,-0.10302734375],[104.77861328124999,-0.17597656250001137],[104.80751953125002,-0.19248046875000568]]],[[[104.56777343750002,-0.43183593750001137],[104.59013671874999,-0.46660156250000284],[104.5439453125,-0.5205078125],[104.50654296875001,-0.5966796875],[104.4853515625,-0.6128906250000057],[104.41386718749999,-0.5836914062500114],[104.36318359375002,-0.6585937500000085],[104.32978515625001,-0.5390625],[104.25712890624999,-0.4632812500000085],[104.30234375000003,-0.3857421875],[104.31875000000002,-0.38017578125000284],[104.34072265625002,-0.38261718750000284],[104.36357421874999,-0.40283203125],[104.47421875000003,-0.33466796875001137],[104.56777343750002,-0.43183593750001137]]],[[[103.60634765625002,-0.3829101562500057],[103.46132812500002,-0.35761718750001137],[103.47900390625,-0.2974609375000057],[103.54892578125003,-0.2275390625],[103.61093750000003,-0.23056640625000568],[103.72392578124999,-0.27666015625000284],[103.76425781250003,-0.3177734375000085],[103.73652343750001,-0.34794921875000284],[103.60634765625002,-0.3829101562500057]]],[[[109.51083984375003,-1.2828125000000057],[109.46367187499999,-1.2775390625000114],[109.42812500000002,-1.2412109375],[109.45029296875003,-1.0441406250000114],[109.47597656250002,-0.9853515625],[109.61464843750002,-0.9791015625000057],[109.69951171874999,-1.00732421875],[109.74335937500001,-1.0393554687500028],[109.76054687499999,-1.1051757812500114],[109.75078124999999,-1.14501953125],[109.71025390624999,-1.1806640625],[109.51083984375003,-1.2828125000000057]]],[[[113.82558593750002,-7.119921875000003],[113.65585937500003,-7.1117187500000085],[113.54638671875,-7.193359375],[113.470703125,-7.218457031250011],[113.19843750000001,-7.218359375000006],[113.166015625,-7.207324218750003],[113.14189453124999,-7.207617187500006],[113.126953125,-7.22412109375],[113.04042968750002,-7.2118164062500085],[112.76376953125003,-7.1396484375],[112.72587890624999,-7.07275390625],[112.76875000000001,-7.001269531250003],[112.86806640625002,-6.89990234375],[113.0673828125,-6.879980468750006],[113.97470703125003,-6.873046875],[114.07363281250002,-6.960156250000011],[114.0830078125,-6.989355468750006],[113.88535156250003,-7.049023437500011],[113.84453124999999,-7.1053710937500085],[113.82558593750002,-7.119921875000003]]],[[[127.18730468749999,-0.5211914062500114],[127.119140625,-0.5205078125],[127.10439453125002,-0.41386718750000284],[127.12646484375,-0.27861328125000284],[127.18964843750001,-0.2557617187500085],[127.2900390625,-0.28437500000001137],[127.25302734375003,-0.31865234375000284],[127.28056640625005,-0.3910156250000085],[127.24990234375002,-0.49531250000001137],[127.18730468749999,-0.5211914062500114]]],[[[127.68242187500005,-0.4683593750000057],[127.60498046875,-0.6101562500000028],[127.65859375000002,-0.689453125],[127.80429687500003,-0.6944335937500057],[127.837890625,-0.72412109375],[127.86328125,-0.7598632812500057],[127.88017578125005,-0.8086914062500057],[127.84228515625,-0.8477539062500057],[127.76113281250002,-0.8836914062500085],[127.66757812500003,-0.83203125],[127.64287109375005,-0.7839843750000028],[127.62382812500005,-0.7660156250000085],[127.49785156250005,-0.8024414062500114],[127.46269531250005,-0.8059570312500028],[127.43828125000005,-0.7390625000000028],[127.46865234375002,-0.6429687500000085],[127.38056640625001,-0.599609375],[127.30000000000001,-0.5002929687500028],[127.29707031250001,-0.46025390625000284],[127.32949218750002,-0.39091796875000284],[127.32509765625002,-0.3358398437500085],[127.37119140625003,-0.3316406250000057],[127.45517578125003,-0.4063476562500057],[127.49169921875,-0.3359375],[127.52734375,-0.306640625],[127.56699218750003,-0.3189453125000057],[127.68242187500005,-0.4683593750000057]]],[[[127.97802734375,-3.77099609375],[127.93437500000005,-3.7430664062500085],[127.92500000000001,-3.6993164062500057],[127.92753906250005,-3.6793945312500114],[128.0,-3.615233084388803],[128.0,-3.7542853104440823],[127.97802734375,-3.77099609375]]],[[[126.77626953125002,4.012597656249994],[126.71123046874999,4.020263671875],[126.70449218750002,4.070996093749997],[126.77011718750003,4.1622070312499915],[126.81357421875003,4.258496093749997],[126.76728515625001,4.2825683593749915],[126.72207031250002,4.344189453124997],[126.72050781249999,4.415820312499989],[126.75732421875,4.547900390624989],[126.8125,4.5372070312499915],[126.86513671875002,4.4798339843749915],[126.88671875,4.372509765624997],[126.92109375000001,4.291015625],[126.84765625,4.179980468749989],[126.81660156250001,4.033496093749989],[126.77626953125002,4.012597656249994]]],[[[125.63320312500002,3.4054199218749943],[125.51152343749999,3.461132812499997],[125.517578125,3.5496093749999886],[125.50117187500001,3.593212890624997],[125.46855468749999,3.639111328124997],[125.45527343750001,3.6841796874999915],[125.46884765625003,3.7332519531249915],[125.54345703125,3.67041015625],[125.58564453125001,3.5710937499999886],[125.6435546875,3.476513671874997],[125.65810546875002,3.43603515625],[125.63320312500002,3.4054199218749943]]],[[[127.99843750000002,-8.139062500000009],[128.0,-8.138997142509737],[128.0,-8.247805817018062],[127.82089843750003,-8.190234375000003],[127.78623046875003,-8.120312500000011],[127.82343750000001,-8.098828125000011],[127.99843750000002,-8.139062500000009]]],[[[102.28593749999999,-5.483496093750006],[102.13554687499999,-5.360546875000011],[102.11074218750002,-5.322558593750003],[102.15351562500001,-5.286230468750006],[102.19843750000001,-5.288867187500003],[102.37177734375001,-5.366406250000011],[102.40546875000001,-5.40478515625],[102.3671875,-5.478710937500011],[102.28593749999999,-5.483496093750006]]],[[[100.46513671874999,-3.3285156250000085],[100.34609375000002,-3.2291992187500114],[100.34843749999999,-3.1587890625000057],[100.33203125,-3.113085937500003],[100.25996093750001,-3.056933593750003],[100.20429687500001,-2.98681640625],[100.17929687500003,-2.8202148437500085],[100.19853515624999,-2.7855468750000085],[100.24560546875,-2.783203125],[100.45458984375,-3.001953125],[100.46884765625003,-3.0389648437500085],[100.46425781250002,-3.1168945312500114],[100.43388671874999,-3.1413085937500114],[100.42509765624999,-3.182910156250003],[100.46513671874999,-3.3285156250000085]]],[[[100.13271484375002,-2.8213867187500057],[100.01494140624999,-2.8197265625000085],[99.99189453125001,-2.769824218750003],[99.99687499999999,-2.6493164062500085],[99.96816406250002,-2.6097656250000085],[99.96933593750003,-2.5941406250000085],[99.98789062500003,-2.525390625],[100.01191406250001,-2.51025390625],[100.20195312499999,-2.6796875],[100.2041015625,-2.741015625000003],[100.13271484375002,-2.8213867187500057]]],[[[99.84785156250001,-2.3697265625000057],[99.68515625000003,-2.28173828125],[99.60703125000003,-2.2575195312500114],[99.53740234374999,-2.1615234375000085],[99.55888671874999,-2.1154296875000114],[99.56181640624999,-2.0511718750000085],[99.57216796875002,-2.0257812500000085],[99.6220703125,-2.0166015625],[99.68642578125002,-2.0633789062500085],[99.73476562500002,-2.177734375],[99.81572265624999,-2.2843750000000114],[99.84306640624999,-2.343066406250003],[99.84785156250001,-2.3697265625000057]]],[[[98.39970703124999,-0.5768554687500114],[98.30966796875003,-0.5318359375000057],[98.33994140625003,-0.4678710937500057],[98.35478515624999,-0.3792968750000085],[98.40878906250003,-0.3089843750000085],[98.42714843750002,-0.22646484375000853],[98.32294921875001,-0.0007812500000028422],[98.37451171875,0.007080078125],[98.41542968750002,-0.01752929687501137],[98.484375,-0.16767578125001137],[98.54414062500001,-0.25761718750000284],[98.52011718750003,-0.37968750000000284],[98.45927734374999,-0.5304687500000114],[98.39970703124999,-0.5768554687500114]]],[[[96.40097656250003,2.3506835937499915],[96.34062499999999,2.3720703125],[96.29042968750002,2.4295898437499943],[96.02197265625,2.5957519531249886],[95.9384765625,2.5984374999999886],[95.87978515625002,2.6409179687499886],[95.80859375,2.6556152343749915],[95.73300781250003,2.7665039062499943],[95.71718750000002,2.8259765624999886],[95.77216796875001,2.85498046875],[95.80625000000003,2.916015625],[95.89580078124999,2.8890624999999943],[95.99785156249999,2.7813964843749943],[96.1015625,2.7412109375],[96.12978515625002,2.720898437499997],[96.17998046874999,2.661328124999997],[96.41728515624999,2.5151855468749886],[96.44306640625001,2.4656249999999886],[96.45937500000002,2.4158203124999886],[96.46367187499999,2.3600097656249943],[96.40097656250003,2.3506835937499915]]],[[[121.97958984375003,-5.4647460937500085],[121.859375,-5.350292968750011],[121.80849609375002,-5.256152343750003],[121.82070312500002,-5.202929687500003],[121.85664062500001,-5.15625],[121.87373046875001,-5.144628906250006],[121.86630859375003,-5.095996093750003],[121.91367187500003,-5.072265625],[121.96572265625002,-5.0755859375000085],[121.99990234375002,-5.140820312500011],[122.041015625,-5.158789062500006],[122.06181640624999,-5.221289062500006],[122.04296875,-5.43798828125],[121.97958984375003,-5.4647460937500085]]],[[[123.23427734375002,-1.2336914062500028],[123.19804687499999,-1.2876953125000057],[123.23779296875,-1.3893554687500114],[123.33857421875001,-1.2540039062500057],[123.43476562500001,-1.23681640625],[123.48935546875003,-1.25927734375],[123.52685546875,-1.2860351562500085],[123.54726562500002,-1.33740234375],[123.51191406250001,-1.4473632812500057],[123.44873046875,-1.4988281250000028],[123.36699218749999,-1.5071289062500028],[123.32861328125,-1.4430664062500114],[123.27490234375,-1.4372070312500114],[123.23740234375003,-1.5769531250000028],[123.22050781249999,-1.5983398437500114],[123.17294921875003,-1.6160156250000028],[123.13037109375,-1.5774414062500028],[123.12294921875002,-1.5560546875000085],[123.18291015624999,-1.4927734375000057],[123.150390625,-1.3044921875000028],[123.10517578125001,-1.33984375],[122.984375,-1.5106445312500085],[122.89042968749999,-1.5872070312500028],[122.85849609375003,-1.5482421875000085],[122.81083984374999,-1.43212890625],[122.83222656250001,-1.2830078125000028],[122.90800781249999,-1.1822265625000057],[122.97246093749999,-1.1891601562500114],[123.15830078125003,-1.1575195312500028],[123.21230468750002,-1.1712890625000085],[123.23427734375002,-1.2336914062500028]]],[[[121.90683593750003,-0.4512695312500057],[121.88125000000002,-0.5026367187500114],[121.84687500000001,-0.4898437500000057],[121.75605468750001,-0.4908203125000057],[121.72177734375003,-0.4947265625000057],[121.68095703124999,-0.5250000000000057],[121.6552734375,-0.5261718750000028],[121.67236328125,-0.47880859375000284],[121.74931640624999,-0.40703125000000284],[121.79736328125,-0.41767578125001137],[121.86435546875003,-0.4068359375000057],[121.90683593750003,-0.4512695312500057]]],[[[120.4873046875,-6.46484375],[120.46796875000001,-6.4061523437500085],[120.46074218749999,-6.254003906250006],[120.435546875,-6.18017578125],[120.45156250000002,-6.094921875000011],[120.44648437500001,-5.876269531250003],[120.47734374999999,-5.7752929687500085],[120.5341796875,-5.90380859375],[120.54921875000002,-5.96923828125],[120.5283203125,-6.298437500000006],[120.4873046875,-6.46484375]]],[[[115.29580078125002,-6.98779296875],[115.22031250000003,-6.9525390625000085],[115.22216796875,-6.9051757812500085],[115.24052734374999,-6.8612304687500085],[115.35371093750001,-6.838476562500006],[115.41445312500002,-6.8397460937500085],[115.47919921875001,-6.870214843750006],[115.52421874999999,-6.90185546875],[115.54609375000001,-6.938671875000011],[115.42412109374999,-6.940625000000011],[115.37705078125003,-6.970800781250006],[115.29580078125002,-6.98779296875]]],[[[116.09335937500003,-4.0541015625000085],[116.05878906250001,-4.006933593750006],[116.07695312499999,-3.8174804687500057],[116.01835937499999,-3.6999023437500114],[116.0224609375,-3.6124023437500057],[116.06357421875003,-3.4579101562500085],[116.11738281250001,-3.3395507812500114],[116.23935546875003,-3.2603515625000057],[116.26972656250001,-3.2510742187500057],[116.26210937500002,-3.394824218750003],[116.28652343750002,-3.4488281250000057],[116.29511718750001,-3.4950195312500085],[116.28203124999999,-3.5347656250000057],[116.30517578125,-3.718554687500003],[116.31865234374999,-3.762988281250003],[116.28925781250001,-3.8208984375000057],[116.30332031250003,-3.8681640625],[116.09335937500003,-4.0541015625000085]]],[[[122.85585937500002,-10.90966796875],[122.826171875,-10.899121093750011],[122.81845703125003,-10.81103515625],[122.845703125,-10.761816406250006],[123.06142578125002,-10.698437500000011],[123.14580078124999,-10.639941406250003],[123.26542968749999,-10.518164062500006],[123.33964843749999,-10.486230468750009],[123.35849609375003,-10.472460937500003],[123.37109375,-10.474902343750003],[123.38310546874999,-10.567578125000011],[123.41289062499999,-10.622656250000006],[123.41816406250001,-10.651269531250009],[123.31074218750001,-10.698437500000011],[123.21484375,-10.80615234375],[123.00527343750002,-10.876367187500009],[122.94892578125001,-10.909277343750006],[122.85585937500002,-10.90966796875]]],[[[124.22578125000001,-8.391308593750011],[124.18437499999999,-8.498730468750011],[124.14667968750001,-8.531445312500011],[124.06572265624999,-8.551660156250009],[124.01728515625001,-8.44384765625],[123.927734375,-8.448925781250011],[123.97148437499999,-8.354101562500006],[124.01376953125003,-8.318652343750003],[124.06875000000002,-8.317773437500009],[124.09580078125003,-8.356152343750011],[124.11054687500001,-8.3642578125],[124.23955078124999,-8.203417968750003],[124.265625,-8.201757812500006],[124.287109375,-8.208691406250011],[124.30449218749999,-8.228808593750003],[124.28662109375,-8.329492187500009],[124.22578125000001,-8.391308593750011]]],[[[123.78388671875001,-8.299609375000003],[123.69785156250003,-8.424414062500006],[123.62919921874999,-8.422460937500006],[123.59160156249999,-8.477929687500009],[123.58261718750003,-8.501660156250011],[123.587890625,-8.523828125000009],[123.58017578125003,-8.544921875],[123.55302734374999,-8.566796875000009],[123.48867187500002,-8.532324218750006],[123.43378906250001,-8.576074218750009],[123.41074218750003,-8.586621093750011],[123.32998046875002,-8.53564453125],[123.25332031250002,-8.53857421875],[123.23007812500003,-8.530664062500009],[123.32499999999999,-8.439062500000006],[123.45458984375,-8.353710937500011],[123.47587890624999,-8.322265625],[123.42519531250002,-8.313378906250009],[123.39492187500002,-8.300585937500003],[123.39121093750003,-8.280468750000011],[123.47324218750003,-8.26708984375],[123.52998046875001,-8.265234375000006],[123.57314453125002,-8.29150390625],[123.6005859375,-8.291308593750003],[123.77597656250003,-8.1904296875],[123.84550781249999,-8.21337890625],[123.89609375000003,-8.2392578125],[123.9248046875,-8.2724609375],[123.78388671875001,-8.299609375000003]]],[[[123.29726562500002,-8.398632812500011],[123.02500000000003,-8.3955078125],[123.03261718750002,-8.337792968750009],[123.10830078125002,-8.274804687500009],[123.13349609375001,-8.253808593750009],[123.21708984374999,-8.235449218750006],[123.33603515625003,-8.26904296875],[123.31748046875003,-8.354785156250003],[123.29726562500002,-8.398632812500011]]],[[[103.4296875,0.9933593749999972],[103.36328125,1.0068359375],[103.3154296875,1.0712890625],[103.35498046875,1.1172363281249886],[103.37998046875003,1.1336425781249915],[103.40488281250003,1.0725585937499886],[103.42392578125003,1.04833984375],[103.4296875,0.9933593749999972]]],[[[103.833984375,0.772216796875],[103.74238281250001,0.8299804687499943],[103.74003906249999,0.871826171875],[103.751953125,0.891357421875],[103.806640625,0.8463378906249943],[103.82861328125,0.801025390625],[103.833984375,0.772216796875]]],[[[104.1767578125,0.8048828124999972],[104.09814453125,0.896240234375],[104.10107421875,0.91748046875],[104.10830078125002,0.9335449218749972],[104.12275390625001,0.9439941406249943],[104.17050781250003,0.896728515625],[104.22705078125,0.8798828125],[104.23935546875003,0.833984375],[104.1767578125,0.8048828124999972]]],[[[104.69814453125002,0.03466796875],[104.65087890625,0.06269531249999716],[104.62236328124999,0.07963867187498863],[104.603515625,0.09521484375],[104.49921875000001,0.23208007812499432],[104.54384765625002,0.22329101562499432],[104.65986328125001,0.10307617187498863],[104.68925781249999,0.05952148437499716],[104.69814453125002,0.03466796875]]],[[[106.28369140625,3.0882324218749915],[106.21455078125001,3.1285644531249943],[106.20097656249999,3.2048828124999886],[106.22373046875003,3.2295898437499915],[106.27119140625001,3.21630859375],[106.28525390625003,3.1571289062499943],[106.28369140625,3.0882324218749915]]],[[[105.71855468749999,2.8591796874999886],[105.70615234375003,2.888867187499997],[105.70791015625002,2.9400878906249943],[105.70419921875003,2.980908203124997],[105.69218749999999,3.0113281249999915],[105.69218749999999,3.0625],[105.73066406250001,3.0369628906249915],[105.76035156250003,3.0130371093749915],[105.79453125000003,2.9959472656249915],[105.82216796875002,2.984375],[105.83671874999999,2.976513671874997],[105.80937499999999,2.9039550781249943],[105.76035156250003,2.863037109375],[105.71855468749999,2.8591796874999886]]],[[[108.8388671875,2.85302734375],[108.78652343750002,2.8856445312499943],[108.86708984375002,2.991894531249997],[108.8857421875,2.998974609374997],[108.88749999999999,2.9054199218749943],[108.8388671875,2.85302734375]]],[[[108.837890625,-1.66162109375],[108.8037109375,-1.5677734375000085],[108.87724609374999,-1.5398437500000028],[108.95683593749999,-1.5640625000000057],[108.953125,-1.61962890625],[108.837890625,-1.66162109375]]],[[[107.43281250000001,-2.92529296875],[107.40927734375003,-2.9005859375000114],[107.40244140625003,-2.8729492187500085],[107.41933593750002,-2.8380859375000114],[107.47441406249999,-2.8346679687500114],[107.49970703125001,-2.845019531250003],[107.47333984375001,-2.8995117187500057],[107.43281250000001,-2.92529296875]]],[[[106.86972656250003,-3.0252929687500085],[106.81425781249999,-3.014453125000003],[106.77431640625002,-2.98681640625],[106.74921875000001,-2.96044921875],[106.74287109375001,-2.9328125000000114],[106.796875,-2.89892578125],[106.91064453125,-2.9339843750000085],[106.88642578125001,-3.0052734375000085],[106.86972656250003,-3.0252929687500085]]],[[[114.39765625000001,-7.173144531250003],[114.34687500000001,-7.163281250000011],[114.298828125,-7.0975585937500085],[114.32216796875002,-7.080371093750003],[114.34892578124999,-7.073437500000011],[114.38359374999999,-7.080664062500006],[114.41259765625,-7.133496093750011],[114.39765625000001,-7.173144531250003]]],[[[112.69794921875001,-5.846484375000003],[112.60214843750003,-5.8436523437500085],[112.58603515625003,-5.8036132812500085],[112.64853515625003,-5.7308593750000085],[112.69003906250003,-5.726171875000006],[112.72734374999999,-5.752734375000003],[112.71943359375001,-5.81103515625],[112.69794921875001,-5.846484375000003]]],[[[105.1904296875,-6.6625000000000085],[105.14277343750001,-6.64306640625],[105.12138671874999,-6.614941406250011],[105.19228515625002,-6.545605468750011],[105.22568359375003,-6.529101562500003],[105.26054687499999,-6.52392578125],[105.27744140625003,-6.5614257812500085],[105.25283203125002,-6.640429687500003],[105.1904296875,-6.6625000000000085]]],[[[97.32832031250001,2.0532714843749886],[97.22509765625,2.1584960937499886],[97.10830078125002,2.2168945312499915],[97.15664062500002,2.2322265624999886],[97.25283203125002,2.216015624999997],[97.29140625000002,2.2008300781249943],[97.32871093750003,2.1485351562499915],[97.33417968750001,2.075634765624997],[97.32832031250001,2.0532714843749886]]],[[[95.34257812499999,5.784130859374997],[95.283203125,5.798535156249997],[95.21767578125002,5.8895019531249915],[95.24199218749999,5.907031249999989],[95.28251953124999,5.897753906249989],[95.35917968749999,5.876757812499989],[95.36601562499999,5.842675781249994],[95.36210937499999,5.812402343749994],[95.34257812499999,5.784130859374997]]],[[[123.52861328124999,-1.7108398437500085],[123.48251953125003,-1.6814453125000028],[123.48662109374999,-1.5348632812500114],[123.52851562500001,-1.5028320312500085],[123.54853515625001,-1.5082031250000085],[123.56132812499999,-1.5518554687500057],[123.58203125,-1.5909179687500057],[123.61640625000001,-1.62744140625],[123.59755859375002,-1.7042968750000114],[123.52861328124999,-1.7108398437500085]]],[[[123.14453125,-4.2333007812500085],[123.076171875,-4.227148437500006],[122.99472656250003,-4.148046875000006],[122.97089843750001,-4.061328125000003],[122.96904296874999,-4.029980468750011],[123.02490234375,-3.98095703125],[123.2119140625,-3.99755859375],[123.24697265625002,-4.0409179687500085],[123.24238281250001,-4.112988281250011],[123.14453125,-4.2333007812500085]]],[[[123.86601562499999,-1.9957031250000057],[123.80351562499999,-1.9943359375000114],[123.77724609375002,-1.9186523437500114],[123.78349609374999,-1.8783203125000085],[123.84824218750003,-1.9554687500000085],[123.86601562499999,-1.9957031250000057]]],[[[123.07880859375001,-1.89892578125],[123.07089843750003,-1.8548828125000085],[123.08583984375002,-1.8148437500000085],[123.1064453125,-1.7867187500000057],[123.13749999999999,-1.7726562500000114],[123.15253906250001,-1.8165039062500057],[123.07880859375001,-1.89892578125]]],[[[119.42490234375003,-8.75048828125],[119.38554687499999,-8.736035156250011],[119.40166015624999,-8.647070312500006],[119.37890625,-8.586523437500006],[119.419921875,-8.5390625],[119.43017578125,-8.454980468750009],[119.44648437500001,-8.42919921875],[119.47050781249999,-8.455664062500006],[119.48173828124999,-8.472949218750003],[119.50214843750001,-8.481054687500006],[119.54697265625003,-8.482617187500011],[119.55722656250003,-8.518847656250003],[119.55546874999999,-8.553417968750011],[119.53632812500001,-8.58935546875],[119.48281250000002,-8.628222656250003],[119.44404296875001,-8.671777343750009],[119.46406250000001,-8.741015625000003],[119.42490234375003,-8.75048828125]]],[[[119.02998046875001,-8.240039062500003],[119.02089843750002,-8.199902343750011],[119.03662109375,-8.157812500000006],[119.07871093750003,-8.140234375000006],[119.09775390625003,-8.13916015625],[119.12832031250002,-8.177148437500009],[119.13486328125003,-8.197070312500003],[119.10673828124999,-8.223437500000003],[119.07382812500003,-8.238867187500006],[119.02998046875001,-8.240039062500003]]],[[[115.58193359375002,-8.80419921875],[115.50087890625002,-8.742871093750011],[115.48046875,-8.715429687500006],[115.54062500000003,-8.675390625000006],[115.56142578125002,-8.669921875],[115.61328125,-8.713183593750003],[115.60996093750003,-8.769824218750003],[115.58193359375002,-8.80419921875]]],[[[117.74541015624999,4.166943359374997],[117.884765625,4.1861328124999915],[117.91787109375002,4.090527343749997],[117.9228515625,4.0542968749999915],[117.73681640625,4.0040039062499915],[117.62509765625003,4.121484374999994],[117.64902343750003,4.168994140624989],[117.74541015624999,4.166943359374997]]],[[[117.64580078124999,3.247753906249997],[117.56035156249999,3.3282226562499915],[117.53750000000002,3.3863769531249943],[117.5478515625,3.4319824218749915],[117.63671875,3.4360839843749886],[117.68085937500001,3.4075195312499886],[117.65839843750001,3.280517578125],[117.64580078124999,3.247753906249997]]],[[[124.04208984375003,-6.021582031250006],[124.00566406249999,-5.9666992187500085],[123.97226562500003,-5.9393554687500085],[123.97578125000001,-5.880175781250003],[124.02294921875,-5.902148437500003],[124.05126953125,-5.973730468750006],[124.04208984375003,-6.021582031250006]]],[[[123.62275390625001,-5.373046875],[123.58261718750003,-5.367382812500011],[123.55009765624999,-5.331835937500003],[123.54091796875002,-5.29833984375],[123.54277343749999,-5.271093750000006],[123.56064453125003,-5.249804687500003],[123.62675781249999,-5.271582031250006],[123.62275390625001,-5.373046875]]],[[[120.67236328125,-7.124707031250011],[120.64082031250001,-7.115820312500006],[120.63339843750003,-7.018261718750011],[120.74550781250002,-7.060156250000006],[120.78173828125,-7.063085937500006],[120.7744140625,-7.118945312500003],[120.67236328125,-7.124707031250011]]],[[[117.53359375000002,-8.367968750000003],[117.49042968750001,-8.348730468750006],[117.50595703125003,-8.307031250000009],[117.48212890625001,-8.2392578125],[117.49052734374999,-8.183398437500003],[117.54609375000001,-8.151953125000006],[117.6650390625,-8.148242187500003],[117.66923828124999,-8.189257812500003],[117.55634765625001,-8.367285156250006],[117.53359375000002,-8.367968750000003]]],[[[116.38779296875003,-3.63671875],[116.32656250000002,-3.5390625],[116.39531249999999,-3.42333984375],[116.42695312500001,-3.39990234375],[116.42412109374999,-3.4644531250000057],[116.38779296875003,-3.63671875]]],[[[127.33837890625,0.7584472656249943],[127.30605468750002,0.7694335937499943],[127.28642578125005,0.8119140624999943],[127.29277343750005,0.8424804687499972],[127.31982421875,0.8620117187499972],[127.35380859375005,0.8474609374999886],[127.37265625000003,0.7913085937499886],[127.33837890625,0.7584472656249943]]],[[[127.44863281250002,-0.03662109375],[127.41787109375002,0.00634765625],[127.39677734375005,0.0166015625],[127.41953125000003,0.12441406249999432],[127.43134765625001,0.142578125],[127.44941406250001,0.06899414062499432],[127.45341796875005,-0.005859375],[127.44863281250002,-0.03662109375]]],[[[127.38398437500001,0.6310058593749943],[127.37363281250003,0.6348632812499915],[127.36289062500003,0.6751464843749915],[127.38261718750005,0.7435546874999943],[127.4248046875,0.744384765625],[127.44257812500001,0.7334472656249886],[127.44589843750003,0.6833007812499972],[127.41972656250005,0.64208984375],[127.38398437500001,0.6310058593749943]]],[[[127.2890625,-0.8015625000000028],[127.1845703125,-0.7752929687500085],[127.15644531250001,-0.7609375000000114],[127.20908203125003,-0.6193359375000114],[127.25820312500002,-0.6234375000000085],[127.30126953125,-0.7583984375000057],[127.30039062500003,-0.7809570312500114],[127.2890625,-0.8015625000000028]]],[[[126.72177734375003,3.83251953125],[126.66123046875003,3.928417968749997],[126.63749999999999,4.041943359374997],[126.685546875,4.001416015624997],[126.73964843750002,3.917724609375],[126.71933593750003,3.8746582031249943],[126.72177734375003,3.83251953125]]],[[[126.83554687500003,3.7569335937499915],[126.79960937499999,3.783886718749997],[126.77753906250001,3.813427734374997],[126.77890625000003,3.8431640624999943],[126.80449218749999,3.85791015625],[126.85703125000003,3.8124023437499943],[126.85781250000002,3.7872070312499915],[126.85185546874999,3.7684570312499943],[126.83554687500003,3.7569335937499915]]],[[[125.39726562499999,2.6295410156249943],[125.36005859375001,2.746826171875],[125.39082031250001,2.805371093749997],[125.43525390625001,2.783886718749997],[125.44648437500001,2.7629882812499886],[125.40390625000003,2.70703125],[125.40742187500001,2.651611328125],[125.39726562499999,2.6295410156249943]]],[[[127.35527343750005,-7.646484375],[127.375,-7.572460937500011],[127.37070312500003,-7.512792968750006],[127.47519531250003,-7.531054687500003],[127.47402343750002,-7.5785156250000085],[127.46396484375003,-7.596875000000011],[127.41943359375,-7.623046875],[127.35527343750005,-7.646484375]]],[[[123.32597656249999,-10.337500000000006],[123.32558593750002,-10.26416015625],[123.39531249999999,-10.17138671875],[123.45878906249999,-10.139941406250003],[123.49394531249999,-10.176953125000011],[123.49677734375001,-10.193945312500006],[123.40507812499999,-10.227148437500006],[123.41621093750001,-10.302636718750009],[123.32597656249999,-10.337500000000006]]],[[[121.83310546875003,-10.602148437500006],[121.72617187500003,-10.573144531250009],[121.70468750000003,-10.5556640625],[121.79628906250002,-10.507421875000006],[121.86699218749999,-10.438867187500009],[121.94951171874999,-10.433007812500009],[121.99833984374999,-10.446972656250011],[121.98134765625002,-10.528417968750006],[121.88300781250001,-10.59033203125],[121.83310546875003,-10.602148437500006]]],[[[127.93769531250001,-3.02001953125],[127.849609375,-3.0163085937500114],[127.83427734375005,-3.00439453125],[127.93837890625002,-2.9523437500000114],[127.98789062500003,-2.9365234375],[127.93769531250001,-3.02001953125]]],[[[127.62929687500002,-3.359179687500003],[127.53105468750005,-3.331347656250003],[127.48769531250002,-3.2881835937500057],[127.53046875000001,-3.261523437500003],[127.55449218750005,-3.2542968750000085],[127.60625000000005,-3.3151367187500114],[127.62929687500002,-3.359179687500003]]],[[[122.94550781250001,-8.60400390625],[122.88779296875003,-8.587304687500009],[122.90351562500001,-8.530664062500009],[122.93281250000001,-8.4970703125],[123.01054687499999,-8.448339843750006],[123.08945312500003,-8.439843750000009],[123.13789062500001,-8.456933593750009],[123.15312499999999,-8.475781250000011],[123.03007812499999,-8.494824218750011],[122.97734374999999,-8.545214843750003],[122.94550781250001,-8.60400390625]]]]}},{"type":"Feature","properties":{"name":"China"},"geometry":{"type":"MultiPolygon","coordinates":[[[[110.42236328125,21.05859375],[110.52158203125003,21.08310546874999],[110.53955078125,21.039013671874997],[110.53886718749999,21.018457031249994],[110.50390625,20.967724609374997],[110.421875,21.006884765625003],[110.33994140625003,20.997753906249997],[110.28095703125001,21.001171874999997],[110.2646484375,21.025195312500003],[110.30986328124999,21.074755859375003],[110.38515625000002,21.093164062499994],[110.42236328125,21.05859375]]],[[[113.56367187500001,22.75791015624999],[113.48564453124999,22.828320312499997],[113.46337890625,22.83237304687499],[113.42607421874999,22.858593749999997],[113.40439453125003,22.90283203125],[113.46494140625003,22.904541015625],[113.5205078125,22.85205078125],[113.55527343750003,22.80419921875],[113.56367187500001,22.75791015624999]]],[[[112.77109375000003,21.581835937500003],[112.74199218749999,21.618066406249994],[112.73349609375003,21.669921875],[112.71269531249999,21.697949218749997],[112.76054687499999,21.73325195312499],[112.78203124999999,21.772265625000003],[112.83906250000001,21.76450195312499],[112.86259765624999,21.752636718749997],[112.81259765625003,21.712158203125],[112.80068359375002,21.694873046875003],[112.79023437500001,21.601855468750003],[112.77109375000003,21.581835937500003]]],[[[112.54560546875001,21.61850585937499],[112.52500000000003,21.623046875],[112.55898437500002,21.674755859374997],[112.64765625000001,21.710253906250003],[112.64375000000001,21.6396484375],[112.54560546875001,21.61850585937499]]],[[[107.90839843750001,21.56040039062499],[107.80205078124999,21.645166015624994],[107.75927734375,21.655029296875],[107.64101562500002,21.613916015624994],[107.47138671875001,21.598339843749997],[107.43349609375002,21.642285156249997],[107.35117187500003,21.60888671875],[107.27207031250003,21.710644531249997],[107.17851562499999,21.717089843750003],[107.06162109375003,21.794189453125],[107.01982421874999,21.834863281249994],[107.00644531250003,21.89340820312499],[106.97099609374999,21.92392578124999],[106.92519531250002,21.920117187499997],[106.87451171875,21.95126953124999],[106.79414062500001,21.981982421875003],[106.7294921875,22.00034179687499],[106.69765625000002,21.98618164062499],[106.66357421875,21.978906249999994],[106.65771484375,22.018212890624994],[106.66005859375002,22.136474609375],[106.65419921875002,22.241455078125],[106.63652343749999,22.288623046875003],[106.59316406250002,22.324511718750003],[106.55361328125002,22.341699218749994],[106.53632812500001,22.395410156249994],[106.55039062500003,22.501367187499994],[106.58242187500002,22.5732421875],[106.63310546874999,22.58603515624999],[106.70156250000002,22.637744140625003],[106.736328125,22.7109375],[106.7802734375,22.77890624999999],[106.6240234375,22.874267578125],[106.54179687499999,22.908349609374994],[106.45087890625001,22.89389648437499],[106.33808593750001,22.863476562499997],[106.27900390625001,22.857470703125003],[106.24941406250002,22.869433593750003],[106.18398437500002,22.955126953125003],[106.1484375,22.97006835937499],[106.06845703125003,22.975537109374997],[106.0009765625,22.974755859374994],[105.96230468750002,22.937451171874997],[105.90263671874999,22.924951171874994],[105.84296875000001,22.922802734374997],[105.78232421875003,22.96933593749999],[105.69121093749999,23.029931640624994],[105.54814453124999,23.072656249999994],[105.53085937500003,23.121972656249994],[105.49453125000002,23.180859374999997],[105.44013671875001,23.2353515625],[105.35048828125002,23.307666015625003],[105.275390625,23.34521484375],[105.23876953125,23.32211914062499],[105.18906250000003,23.281054687500003],[104.99570312500003,23.1943359375],[104.91015625,23.160546874999994],[104.86474609375,23.136376953124994],[104.82656250000002,23.10019531249999],[104.81474609374999,23.010791015625003],[104.79570312499999,22.9111328125],[104.74003906249999,22.860498046874994],[104.68730468749999,22.822216796874997],[104.63173828125002,22.81821289062499],[104.57753906250002,22.820019531249997],[104.52685546875,22.804101562499994],[104.37177734375001,22.704052734374997],[104.29833984375,22.71201171874999],[104.23828125,22.768505859374997],[104.21250000000003,22.80942382812499],[104.14306640625,22.80014648437499],[104.05390625000001,22.75229492187499],[104.0126953125,22.66635742187499],[103.99082031250003,22.586132812499997],[103.97138671875001,22.550488281249997],[103.94150390625003,22.540087890625003],[103.9150390625,22.538232421874994],[103.63730468750003,22.77001953125],[103.62021484375003,22.782031250000003],[103.57070312500002,22.734423828125003],[103.525390625,22.611572265625],[103.49296874999999,22.58798828124999],[103.47099609374999,22.597412109375],[103.35605468750003,22.754687500000003],[103.32666015625,22.769775390625],[103.30058593749999,22.764404296875],[103.26630859375001,22.713525390624994],[103.193359375,22.63852539062499],[103.13759765625002,22.592968749999997],[103.13632812500003,22.542236328125],[103.07587890625001,22.497509765624997],[103.00537109375,22.45297851562499],[102.98193359375,22.4482421875],[102.93515625000003,22.46616210937499],[102.87421875000001,22.525390625],[102.830078125,22.587158203125],[102.72099609374999,22.648486328125003],[102.59853515625002,22.700390624999997],[102.51718750000003,22.741015625000003],[102.47089843750001,22.750927734374997],[102.42792968750001,22.732812499999994],[102.40644531250001,22.7080078125],[102.37578124999999,22.646630859374994],[102.30224609375,22.54599609374999],[102.23701171875001,22.466015624999997],[102.17597656250001,22.41464843749999],[102.12744140625,22.379199218750003],[102.09150390625001,22.412255859374994],[102.0244140625,22.439208984375],[101.94541015625003,22.439404296874997],[101.841796875,22.388476562500003],[101.75996093750001,22.490332031250034],[101.73876953125,22.495263671874994],[101.70751953125,22.486572265625],[101.67148437500003,22.462304687499994],[101.64619140625001,22.405419921874994],[101.61992187499999,22.327441406250003],[101.56787109375,22.2763671875],[101.52451171874998,22.253662109375],[101.53730468750001,22.209863281249994],[101.56181640624999,22.162402343750045],[101.56025390625001,22.120898437500102],[101.57578125000003,22.05527343749999],[101.60292968749997,21.98969726562501],[101.69960937500002,21.882470703124994],[101.73652343750001,21.826513671874977],[101.74394531249999,21.777978515624994],[101.74726562500001,21.605761718750003],[101.74345703124999,21.533837890624994],[101.72421875000003,21.39501953125],[101.72294921874999,21.31494140625],[101.76308593750002,21.27890624999999],[101.80205078124999,21.235986328124994],[101.80058593749999,21.212597656249997],[101.78349609374999,21.204150390625045],[101.72812500000003,21.156396484374994],[101.70478515625001,21.150146484375],[101.66855468750003,21.169628906249997],[101.62167968750003,21.18442382812499],[101.58388671875002,21.203564453125068],[101.54238281250002,21.234277343749994],[101.44355468750001,21.23081054687499],[101.28144531250001,21.184130859375003],[101.24785156249993,21.197314453125045],[101.22441406249999,21.22373046874999],[101.21181640625002,21.278222656249994],[101.21992187500001,21.342431640624994],[101.20556640625,21.38330078125],[101.17539062500003,21.407519531250003],[101.19667968750002,21.52207031249999],[101.13886718750001,21.56748046874999],[101.14726562499999,21.58164062499999],[101.12812500000001,21.705126953125003],[101.130859375,21.735546874999997],[101.12070312500003,21.74609375],[101.07978515625001,21.755859375],[101.01933593749999,21.736376953125003],[100.83515625000001,21.655175781249994],[100.67714843750002,21.504931640625003],[100.60458984375003,21.47177734374999],[100.53134765625003,21.45810546874999],[100.44570312500002,21.484082031249997],[100.3505859375,21.501025390625003],[100.21474609375002,21.46298828124999],[100.14765625000001,21.480517578125003],[100.11679687500003,21.511181640624997],[100.08925781250002,21.557910156250003],[100.10576171874999,21.61704101562499],[100.09550781249999,21.66064453125],[100.04121093750001,21.682763671874994],[99.97822265625001,21.701611328124997],[99.94072265624999,21.758740234374997],[99.92558593749999,21.82080078125],[99.9404296875,21.901611328125],[99.94785156250003,21.988330078125003],[99.91767578125001,22.028027343749997],[99.82539062500001,22.049707031249994],[99.59267578125002,22.089160156250003],[99.388671875,22.110791015624997],[99.30312500000002,22.100634765625003],[99.2333984375,22.110156250000003],[99.19296875000003,22.1259765625],[99.17343750000003,22.1533203125],[99.17236328125,22.19248046874999],[99.20537109374999,22.28256835937499],[99.24306640625002,22.370361328125],[99.33769531249999,22.498046875],[99.34316406250002,22.58652343749999],[99.33828125000002,22.688671874999997],[99.38515625000002,22.825097656249994],[99.466796875,22.927294921875003],[99.50712890624999,22.959130859374994],[99.49726562500001,23.004589843749997],[99.46455078125001,23.04624023437499],[99.41806640625003,23.069238281249994],[99.3408203125,23.095898437499997],[99.22031250000003,23.103320312500003],[99.05507812500002,23.130566406249997],[98.86376953125,23.19125976562499],[98.88554687499999,23.30747070312499],[98.88261718749999,23.380322265624997],[98.85888671875,23.440087890624994],[98.81972656250002,23.48251953124999],[98.7978515625,23.520410156249994],[98.83222656250001,23.62436523437499],[98.78769531250003,23.737841796875003],[98.73505859375001,23.783105468749994],[98.68085937500001,23.841796875],[98.6767578125,23.905078125000003],[98.70156250000002,23.964062499999997],[98.73917828541106,24.0],[117.72723902361426,24.0],[117.66787109375002,23.939257812500003],[117.62822265624999,23.836718750000003],[117.57919921875003,23.856982421875003],[117.46640625000003,23.840576171875],[117.43310546875,23.791699218749997],[117.45957031250003,23.771484375],[117.46220703124999,23.736230468749994],[117.4169921875,23.620996093749994],[117.36767578125,23.588623046875],[117.3466796875,23.6357421875],[117.33076171875001,23.708789062500003],[117.29082031249999,23.71435546875],[117.22500000000002,23.647021484375003],[117.14814453125001,23.598779296874994],[117.08251953125,23.578759765624994],[117.03281250000003,23.623437499999994],[116.91064453125,23.646679687499997],[116.86093750000003,23.453076171874997],[116.75957031249999,23.382519531249997],[116.71210937500001,23.360498046874994],[116.62939453125,23.35385742187499],[116.68232421875001,23.327392578125],[116.69882812500003,23.277783203124997],[116.66914062500001,23.228173828124994],[116.58642578125,23.21826171875],[116.53828125000001,23.1796875],[116.51982421874999,23.006591796875],[116.470703125,22.94589843749999],[116.34550781249999,22.941064453124994],[116.25185546875002,22.981347656249994],[116.22207031250002,22.94956054687499],[116.20634765624999,22.918652343749997],[116.15742187500001,22.887451171875],[116.06259765625003,22.879101562499997],[115.85214843750003,22.801562500000003],[115.755859375,22.823925781249997],[115.64042968749999,22.853417968749994],[115.56113281250003,22.82470703125],[115.53466796875,22.765185546875003],[115.49833984374999,22.71884765624999],[115.38251953125001,22.71884765624999],[115.28994140625002,22.77597656249999],[115.19580078125,22.817285156249994],[115.09150390625001,22.781689453124997],[115.01210937500002,22.708935546874997],[114.91445312500002,22.684619140625003],[114.89638671875002,22.63950195312499],[114.85380859374999,22.61679687499999],[114.75039062500002,22.62631835937499],[114.71113281250001,22.738720703124997],[114.65166015624999,22.755273437499994],[114.5927734375,22.698437499999997],[114.57197265625001,22.654052734375],[114.54443359375,22.62060546875],[114.55419921875,22.52890624999999],[114.49619140625003,22.527050781249997],[114.42011718750001,22.583251953125],[114.34062499999999,22.593212890624997],[114.26601562500002,22.540966796874997],[114.22822265625001,22.553955078125],[114.18818359375001,22.564990234375003],[114.12285156249999,22.564990234375003],[114.09785156250001,22.55126953125],[114.05039062500003,22.54296875],[114.01826171875001,22.514453125000003],[114.01542968749999,22.511914062499997],[113.93115234375,22.531054687500003],[113.82832031250001,22.607226562500003],[113.75449218750003,22.733642578125],[113.6611328125,22.801660156249994],[113.61962890625,22.86142578124999],[113.60341796875002,22.968896484374994],[113.58632812500002,23.02001953125],[113.59218750000002,23.076953125000003],[113.62050781250002,23.127490234375003],[113.51972656250001,23.102099609375003],[113.4453125,23.055078124999994],[113.46035156250002,22.99570312499999],[113.44189453125,22.940576171874994],[113.3310546875,22.912011718749994],[113.33779296875002,22.888818359374994],[113.34482421875003,22.86459960937499],[113.43203125000002,22.78940429687499],[113.44980468750003,22.726123046875003],[113.48476562500002,22.6923828125],[113.55302734374999,22.594042968750003],[113.55146484375001,22.40415039062499],[113.5888671875,22.350488281249994],[113.57646484374999,22.297265624999994],[113.54912109374999,22.22519531249999],[113.54677734375002,22.22412109375],[113.52705078125001,22.24594726562499],[113.494140625,22.24155273437499],[113.48105468750003,22.217480468749997],[113.47890625000002,22.195556640625],[113.47343749999999,22.19443359374999],[113.41572265625001,22.178369140624994],[113.36738281250001,22.164843750000003],[113.32773437500003,22.145410156249994],[113.26640624999999,22.088769531249994],[113.14902343750003,22.075000000000003],[113.08876953125002,22.207958984374997],[113.00820312500002,22.119335937499997],[112.98378906250002,21.938232421875],[112.95390624999999,21.90732421874999],[112.90380859375,21.88144531249999],[112.80859375,21.944628906250003],[112.72539062499999,21.90234375],[112.66074218750003,21.85947265624999],[112.63408203124999,21.819873046875003],[112.58632812500002,21.77685546875],[112.49472656250003,21.818310546874997],[112.42128906250002,21.880615234375],[112.439453125,21.92734374999999],[112.42929687500003,21.95810546874999],[112.39609375000003,21.981347656249994],[112.35966796874999,21.97802734375],[112.37744140625,21.91748046875],[112.38974609375003,21.801220703124997],[112.3564453125,21.767578125],[112.30498046874999,21.74169921875],[112.193359375,21.763134765624997],[112.1171875,21.80649414062499],[112.02519531249999,21.843017578125],[111.94394531250003,21.849658203125003],[111.92646484375001,21.776269531249994],[111.87343750000002,21.71713867187499],[111.82460937500002,21.709765625000003],[111.77597656250003,21.71923828125],[111.7119140625,21.655224609374997],[111.681640625,21.60849609374999],[111.60273437500001,21.55908203125],[111.39238281249999,21.535107421874997],[111.31914062499999,21.486132812500003],[111.22060546875002,21.493896484375],[111.14423828125001,21.482226562500003],[111.1005859375,21.48471679687499],[111.06113281250003,21.510986328125],[111.01689453124999,21.51171875],[110.99677734375001,21.43027343749999],[110.87802734375003,21.395947265624997],[110.77109375000003,21.386523437500003],[110.65214843749999,21.279101562500003],[110.56718749999999,21.214062499999997],[110.50429687500002,21.207421874999994],[110.4580078125,21.23056640624999],[110.4345703125,21.326904296875],[110.41093749999999,21.338134765625],[110.3974609375,21.247705078124994],[110.37460937500003,21.17236328125],[110.33115234375003,21.13134765625],[110.19355468750001,21.037646484375003],[110.15400390625001,20.944628906250003],[110.18037109375001,20.858593749999997],[110.36542968750001,20.837597656249997],[110.38847656249999,20.79052734375],[110.37050781250002,20.75205078124999],[110.326171875,20.719921874999997],[110.31308593750003,20.671679687500003],[110.51152343749999,20.518261718749997],[110.517578125,20.460009765625003],[110.48691406250003,20.42685546874999],[110.44951171874999,20.355419921874997],[110.3447265625,20.294824218749994],[110.12314453125003,20.263720703125003],[109.9384765625,20.295117187499997],[109.88251953125001,20.364062500000003],[109.88583984375003,20.413134765625003],[109.931640625,20.398876953124997],[109.98388671875,20.403271484374997],[109.96835937500003,20.448144531249994],[109.94638671875003,20.474365234375],[109.86103515625001,20.514306640624994],[109.7919921875,20.621875000000003],[109.80527343750003,20.711474609375003],[109.76738281249999,20.780712890624997],[109.72626953125001,20.838769531249994],[109.68476562500001,20.87363281249999],[109.66259765625,20.916894531249994],[109.70449218750002,21.052734375],[109.68125000000003,21.131640625000003],[109.76015625000002,21.22836914062499],[109.77958984374999,21.337451171875003],[109.92109375000001,21.37646484375],[109.93076171875003,21.48056640624999],[109.82958984375,21.483593749999997],[109.75937500000003,21.56005859375],[109.74335937500001,21.527978515624994],[109.68691406250002,21.524609374999997],[109.59433593750003,21.67197265624999],[109.56640625,21.690576171874994],[109.521484375,21.693408203125003],[109.54404296875003,21.53793945312499],[109.435546875,21.4794921875],[109.3466796875,21.45395507812499],[109.22041015625001,21.443408203125003],[109.14863281250001,21.425537109375],[109.08154296875,21.44028320312499],[109.09814453125,21.487353515625003],[109.13349609375001,21.543603515624994],[109.10175781250001,21.590478515624994],[109.03056640624999,21.626513671875003],[108.92177734375002,21.624414062499994],[108.84638671875001,21.634472656249997],[108.77167968750001,21.63046874999999],[108.74394531249999,21.651269531249994],[108.67451171875001,21.724658203125003],[108.61582031250003,21.770458984374997],[108.58935546875,21.815966796875003],[108.61582031250003,21.868896484375],[108.59375,21.901025390624994],[108.47988281250002,21.90463867187499],[108.48085937500002,21.828808593749997],[108.49257812500002,21.739404296874994],[108.52568359374999,21.67138671875],[108.50214843750001,21.633447265624994],[108.4443359375,21.607324218749994],[108.3828125,21.67919921875],[108.35458984375003,21.696923828124994],[108.32480468750003,21.693505859374994],[108.30214843750002,21.62192382812499],[108.24628906250001,21.558398437500003],[108.14560546875003,21.565185546875],[108.0673828125,21.52597656249999],[107.97265625,21.507958984374994],[107.90839843750001,21.56040039062499]]],[[[97.83769531249999,23.986279296874997],[97.75566406249999,23.931884765625],[97.68603515625,23.898095703124994],[97.62968749999999,23.887158203124997],[97.56455078125003,23.911035156249994],[97.56826171875002,23.988476562499997],[97.5781683171634,24.0],[97.8687594583783,24.0],[97.83769531249999,23.986279296874997]]],[[[110.93828124999999,19.947558593750003],[110.970703125,19.88330078125],[110.99765625000003,19.764697265625003],[111.013671875,19.655468749999997],[110.91269531250003,19.586083984374994],[110.822265625,19.557910156250003],[110.64091796874999,19.291210937499997],[110.60312500000003,19.20703125],[110.57216796875002,19.171875],[110.5625,19.135156249999994],[110.56601562500003,19.098535156249994],[110.51933593749999,18.97021484375],[110.47763671875003,18.81259765624999],[110.45126953125003,18.747949218749994],[110.39951171875003,18.69833984374999],[110.33369140625001,18.673291015624997],[110.29082031249999,18.66953124999999],[110.25175781249999,18.65576171875],[110.15625,18.56982421875],[110.04853515625001,18.50522460937499],[110.06640625,18.475634765625003],[110.0673828125,18.447558593750003],[110.02021484375001,18.416259765625],[109.96767578125002,18.422070312499997],[109.81562500000001,18.396679687499997],[109.759765625,18.348291015624994],[109.70273437500003,18.25913085937499],[109.68105468750002,18.247119140625003],[109.58955078125001,18.226318359375],[109.51933593749999,18.21826171875],[109.40009765625001,18.28110351562499],[109.34091796875003,18.299609375000003],[109.18320312500003,18.325146484374997],[109.02988281250003,18.36777343749999],[108.92226562500002,18.41611328124999],[108.70156250000002,18.53525390624999],[108.67607421874999,18.750244140625],[108.63808593750002,18.86630859374999],[108.63564453125002,18.90771484375],[108.65000000000003,19.265039062499994],[108.66552734375,19.304101562499994],[108.69355468750001,19.338281249999994],[108.791015625,19.418164062499997],[108.90283203125,19.481347656249994],[109.06289062500002,19.613574218750003],[109.17910156250002,19.674121093750003],[109.27666015624999,19.761132812499994],[109.21953124999999,19.757470703124994],[109.17744140625001,19.768457031249994],[109.21894531250001,19.842822265625003],[109.26347656249999,19.88266601562499],[109.31484375000002,19.90439453124999],[109.41816406250001,19.888818359374994],[109.513671875,19.904248046874997],[109.58427734374999,19.97031249999999],[109.6513671875,19.984375],[109.90625,19.96274414062499],[110.0830078125,19.992919921875],[110.17158203125001,20.0537109375],[110.21337890625,20.056054687499994],[110.34394531250001,20.038818359375],[110.39228515625001,19.9755859375],[110.38798828124999,20.018017578124997],[110.3935546875,20.059228515624994],[110.41757812500003,20.054736328125003],[110.58818359374999,19.976367187500003],[110.58876953125002,20.072460937499997],[110.59833984375001,20.097607421874997],[110.65175781250002,20.137744140625003],[110.67851562499999,20.13706054687499],[110.74453125000002,20.059472656249994],[110.80908203125,20.014404296875],[110.88876953125003,19.991943359375],[110.93828124999999,19.947558593750003]]]]}},{"type":"Feature","properties":{"name":"Macao"},"geometry":{"type":"Polygon","coordinates":[[[113.48105468750003,22.217480468749997],[113.494140625,22.24155273437499],[113.52705078125001,22.24594726562499],[113.54814453124999,22.222607421874997],[113.54550781250003,22.221484375000003],[113.49882812499999,22.20166015625],[113.48417968749999,22.19775390625],[113.47890625000002,22.195556640625],[113.48105468750003,22.217480468749997]]]}},{"type":"Feature","properties":{"name":"Hong Kong"},"geometry":{"type":"MultiPolygon","coordinates":[[[[114.01826171875001,22.514453125000003],[114.05039062500003,22.54296875],[114.09785156250001,22.55126953125],[114.12285156249999,22.564990234375003],[114.18818359375001,22.564990234375003],[114.22822265625001,22.553955078125],[114.26601562500002,22.540966796874997],[114.26962890625003,22.536767578124994],[114.29111328125003,22.499462890624997],[114.28457031250002,22.45761718749999],[114.3251953125,22.437402343749994],[114.33525390624999,22.396240234375],[114.29052734375,22.373779296875],[114.28789062499999,22.32529296874999],[114.26796875000002,22.295556640624994],[114.13906250000002,22.348437500000003],[114.03281250000003,22.375878906249994],[113.93730468749999,22.364990234375],[113.90253906250001,22.39609374999999],[113.896484375,22.428173828124997],[114.00673828125002,22.484033203124994],[114.01542968749999,22.511914062499997],[114.01826171875001,22.514453125000003]]],[[[114.20722656250001,22.19516601562499],[114.13876953125003,22.268359375000003],[114.13447265625001,22.292236328125],[114.18740234375002,22.296630859375],[114.24687499999999,22.263574218749994],[114.24355468750002,22.233544921874994],[114.23203125000003,22.21054687499999],[114.20722656250001,22.19516601562499]]],[[[113.87734375000002,22.21044921875],[113.8515625,22.220458984375],[113.8388671875,22.24169921875],[113.88154296875001,22.2802734375],[114.0439453125,22.333398437499994],[114.00332031250002,22.277539062499997],[113.99775390625001,22.210498046875003],[113.87734375000002,22.21044921875]]]]}},{"type":"Feature","properties":{"name":"Cambodia"},"geometry":{"type":"MultiPolygon","coordinates":[[[[103.02734375,11.275488281249991],[103.01054687499999,11.275781249999994],[102.99335937500001,11.290429687499994],[102.99501953125002,11.348095703124997],[103.00751953125001,11.38330078125],[103.03681640625001,11.389941406249989],[103.04511718750001,11.285058593749994],[103.02734375,11.275488281249991]]],[[[103.28125,10.6796875],[103.22294921874999,10.759570312499989],[103.22343749999999,10.781982421875],[103.31777343750002,10.718505859375],[103.28125,10.6796875]]],[[[107.53525390625003,14.649951171875003],[107.4931640625,14.545751953124991],[107.44843750000001,14.451220703125003],[107.36445312500001,14.368701171875003],[107.3603515625,14.307861328125],[107.33144531250002,14.126611328124994],[107.34257812499999,14.068896484375003],[107.36210937499999,14.019482421874997],[107.38945312499999,13.993017578124991],[107.46230468750002,13.815624999999997],[107.52861328124999,13.654199218749994],[107.59394531250001,13.521679687499997],[107.60546875,13.437792968750003],[107.54550781250003,13.225439453124991],[107.47539062499999,13.030371093749991],[107.48154296875003,12.93310546875],[107.51152343749999,12.835742187499989],[107.54355468750003,12.705908203124991],[107.55546874999999,12.539990234374997],[107.5380859375,12.431787109374994],[107.50644531250003,12.364550781249989],[107.44599609375001,12.295703124999989],[107.39335937499999,12.260498046875],[107.330078125,12.319042968749997],[107.27968750000002,12.321582031249989],[107.21210937500001,12.304003906249989],[107.15898437499999,12.277050781249997],[107.05068359375002,12.175878906249991],[106.9306640625,12.077490234374991],[106.7646484375,12.052343749999991],[106.70009765625002,11.979296874999989],[106.63095703125003,11.969189453124997],[106.49960937500003,11.965527343749997],[106.41386718749999,11.948437499999997],[106.41777343749999,11.911718749999991],[106.41074218750003,11.738378906249991],[106.41250000000002,11.697802734374989],[106.39921874999999,11.68701171875],[106.33984375,11.681835937499997],[106.23916015625002,11.708349609374991],[106.10292968750002,11.751269531249989],[106.00605468750001,11.758007812499997],[105.95625000000001,11.682470703124991],[105.92656249999999,11.652929687499991],[105.88984375000001,11.648388671874997],[105.85146484375002,11.635009765625],[105.83847656250003,11.601318359375],[105.83535156250002,11.559130859374989],[105.85400390625,11.487060546875],[105.86093750000003,11.372412109374991],[105.85605468750003,11.294287109374991],[105.8916015625,11.244824218749997],[106.09951171875002,11.078662109374989],[106.16093749999999,11.037109375],[106.16796875,11.012304687499991],[106.13154296875001,10.921972656249991],[106.16396484375002,10.794921875],[106.09882812500001,10.797265624999994],[105.99013671875002,10.851806640625],[105.93818359375001,10.885156249999994],[105.87519531250001,10.858496093749991],[105.85332031249999,10.863574218749989],[105.81074218750001,10.926074218749989],[105.75507812500001,10.989990234375],[105.69775390625,10.994042968749994],[105.57656250000002,10.968896484374994],[105.45273437500003,10.951416015625],[105.40576171875,10.951611328124997],[105.38652343749999,10.940087890624994],[105.31464843750001,10.845166015624997],[105.28427734375003,10.861474609374994],[105.15947265624999,10.897558593749991],[105.04570312499999,10.911376953125],[105.02226562499999,10.886865234374994],[105.0361328125,10.809374999999989],[105.06113281250003,10.733789062499994],[105.04638671875,10.70166015625],[104.98388671875,10.661914062499989],[104.90126953125002,10.590234374999994],[104.8505859375,10.534472656249989],[104.8154296875,10.520800781249989],[104.68964843750001,10.523242187499989],[104.56425781249999,10.515966796874991],[104.51406250000002,10.463330078124997],[104.46699218750001,10.42236328125],[104.42636718750003,10.411230468749991],[104.26240234375001,10.541259765625],[103.93710937500003,10.586621093749997],[103.90175781250002,10.643945312499994],[103.87050781250002,10.655126953124991],[103.84052734375001,10.58056640625],[103.66191406249999,10.508935546874994],[103.58710937500001,10.552197265624997],[103.5322265625,10.604638671874994],[103.54042968750002,10.668701171875],[103.59208984374999,10.721044921874991],[103.68085937500001,10.758593749999989],[103.72187500000001,10.89013671875],[103.654296875,11.058691406249991],[103.59501953124999,11.107763671874991],[103.53242187500001,11.146679687499997],[103.46669921875002,11.083984375],[103.41132812500001,10.976757812499997],[103.35361328125003,10.921582031249997],[103.27216796875001,10.909277343749991],[103.15283203125,10.913720703124994],[103.1064453125,11.073779296874989],[103.09111328124999,11.211083984374994],[103.107421875,11.367773437499991],[103.12548828125,11.460644531249997],[103.01054687499999,11.588671874999989],[103.00419921874999,11.710595703124994],[102.94863281250002,11.773486328124989],[102.93232421875001,11.74169921875],[102.93388671874999,11.706689453124994],[102.91806640625003,11.732080078124994],[102.73662109374999,12.089794921874997],[102.70625000000001,12.255664062499989],[102.73740234375003,12.383398437499991],[102.75566406249999,12.42626953125],[102.70332031250001,12.493505859374991],[102.62968749999999,12.569921874999991],[102.49960937500003,12.669970703124989],[102.49072265625,12.828320312499997],[102.46171874999999,13.015039062499994],[102.42265624999999,13.077978515624991],[102.36298828125001,13.192968749999991],[102.33076171875001,13.288232421874994],[102.31972656250002,13.539990234374997],[102.33632812500002,13.560302734375],[102.42851562499999,13.567578124999997],[102.546875,13.585693359375],[102.56552734375003,13.626367187499994],[102.54472656249999,13.659960937500003],[102.62041015624999,13.716943359374994],[102.72890625000002,13.841894531249991],[102.81279296874999,13.972460937500003],[102.87324218750001,14.054882812499997],[102.90927734375003,14.13671875],[103.03105468749999,14.252539062499991],[103.19941406250001,14.332617187499991],[103.3134765625,14.351318359375],[103.43242187499999,14.378613281249997],[103.54638671875,14.417431640624997],[103.60039062499999,14.421093749999997],[103.74189453125001,14.374169921874994],[103.818359375,14.362158203124991],[103.89863281250001,14.36279296875],[103.98183593750002,14.35791015625],[104.05429687500003,14.362744140624997],[104.22773437500001,14.3955078125],[104.41162109375,14.369580078124997],[104.57578125000003,14.390039062499994],[104.77900390625001,14.427832031249991],[104.87880859375002,14.404003906249997],[104.9697265625,14.366113281249994],[104.982421875,14.289453124999994],[105.00341796875,14.254443359375003],[105.03369140625,14.227392578124991],[105.07412109375002,14.227441406249994],[105.1259765625,14.280957031249997],[105.16914062500001,14.336083984374994],[105.18330078125001,14.346240234375003],[105.18554687499994,14.319091796875],[105.20703125,14.259374999999991],[105.24570312500003,14.200537109374991],[105.28486328125001,14.161474609374991],[105.35019531250003,14.109570312499997],[105.39267578125003,14.107080078124994],[105.53154296874999,14.156152343749994],[105.73974609375,14.0849609375],[105.76406250000002,14.049072265625057],[105.83144531250002,13.976611328125003],[105.90449218750001,13.924511718749997],[106.06679687500002,13.921191406250003],[106.12470703124995,14.049121093750045],[106.0966796875,14.127099609374994],[106.00410156250001,14.262890624999997],[105.97890625000002,14.343017578125],[106.00839843750003,14.357177734375],[106.16523437500001,14.372363281250003],[106.19072265624999,14.388134765624997],[106.22539062499999,14.476220703124994],[106.26796875000002,14.466210937499994],[106.35498046875,14.454785156250068],[106.44697265625001,14.515039062499994],[106.50146484375,14.578222656250034],[106.53115234375002,14.549414062499977],[106.56367187500001,14.505078124999997],[106.59921875000003,14.479394531249994],[106.66542968750002,14.441308593750023],[106.73818359375002,14.387744140625003],[106.78349609374999,14.335107421874994],[106.81992187500003,14.314697265624943],[106.91318359375003,14.329394531250003],[106.93808593750003,14.327343749999997],[106.99218749999994,14.39101562500008],[107.03017578125002,14.425683593749994],[107.06240234375002,14.415771484375],[107.109375,14.416699218749997],[107.20664062500003,14.497900390624991],[107.26230468750003,14.572119140624991],[107.29267578125001,14.592382812499991],[107.3798828125,14.555322265624994],[107.41474609375001,14.562890624999994],[107.46513671874999,14.664990234374997],[107.51943359375002,14.705078125],[107.53525390625003,14.649951171875003]]]]}},{"type":"Feature","properties":{"name":"Myanmar"},"geometry":{"type":"MultiPolygon","coordinates":[[[[100.00361328125001,20.379589843749997],[99.95429687500001,20.415429687499994],[99.89033203125001,20.42441406249999],[99.8251953125,20.384472656249997],[99.77333984375002,20.34130859375],[99.72011718750002,20.325439453125],[99.638671875,20.320458984374994],[99.53164062500002,20.342822265625003],[99.45888671875002,20.363037109375],[99.44794921875001,20.35205078125],[99.48750000000001,20.260644531249994],[99.50166015625001,20.187744140625],[99.48593750000003,20.149853515624997],[99.45156250000002,20.118310546874994],[99.39921874999999,20.093457031249997],[99.337890625,20.078906250000003],[99.28369140625,20.08041992187499],[99.19687500000003,20.115136718749994],[99.13076171875002,20.116601562499994],[99.07421875,20.099365234375],[99.03974609375001,20.073632812499994],[99.02070312500001,20.041796875000003],[98.98740234375003,19.861376953125003],[98.9580078125,19.804931640625],[98.91669921875001,19.772900390624997],[98.87578124999999,19.769580078125003],[98.81953125000001,19.778466796874994],[98.76064453125002,19.77109374999999],[98.49384765625001,19.701318359374994],[98.45498046875002,19.69443359374999],[98.37128906250001,19.689160156249997],[98.29365234375001,19.687255859375],[98.23906249999999,19.690673828125],[98.11103515625001,19.762158203124997],[98.04902343750001,19.769726562499997],[98.01503906250002,19.74951171875],[97.9912109375,19.653710937499994],[97.91640625000002,19.59287109374999],[97.81679687500002,19.4599609375],[97.79355468750003,19.265869140625],[97.80390625000001,19.13046874999999],[97.71416015624999,18.996484374999994],[97.7060546875,18.931787109374994],[97.75400390625003,18.620800781249997],[97.74589843749999,18.588183593750003],[97.72773437500001,18.572021484375],[97.67158203125001,18.561230468749997],[97.57734375000001,18.528710937499994],[97.51513671875,18.497753906249997],[97.48496093750003,18.49423828124999],[97.39707031250003,18.517529296874997],[97.37392578125002,18.517968749999994],[97.38066406249999,18.494287109374994],[97.45078125000003,18.359667968750003],[97.52382812500002,18.2958984375],[97.59931640625001,18.302978515625],[97.63222656250002,18.290332031250003],[97.62246093750002,18.258007812499997],[97.65156250000001,18.173730468749994],[97.7197265625,18.037402343750003],[97.73994140625001,17.935302734375],[97.69853515624999,17.833544921875003],[97.70644531250002,17.797119140625],[97.72910156250003,17.775830078124997],[97.79296875,17.68124999999999],[97.92929687500003,17.53330078124999],[98.06308593750003,17.373291015625],[98.17460937499999,17.239892578124994],[98.25654296875001,17.147656249999997],[98.43886718750002,16.97568359374999],[98.47119140625,16.89501953125],[98.47812500000003,16.732226562500003],[98.52314453125001,16.63818359375],[98.56474609374999,16.570947265624994],[98.59365234375002,16.514794921874994],[98.66074218750003,16.33041992187499],[98.68925781249999,16.305419921875],[98.83544921875,16.41757812499999],[98.86933593750001,16.394189453124994],[98.88828125000003,16.35190429687499],[98.88847656249999,16.298095703125],[98.86552734374999,16.237060546875],[98.81796875000003,16.180810546874994],[98.59238281250003,16.050683593749994],[98.57402343749999,15.938623046874994],[98.55820312500003,15.768603515625003],[98.55449218749999,15.559765624999997],[98.56523437499999,15.403564453125],[98.55693359374999,15.36767578125],[98.53730468750001,15.350683593749991],[98.4521484375,15.357373046874997],[98.32939453124999,15.278564453125],[98.2861328125,15.271582031249991],[98.23222656249999,15.241357421874994],[98.19101562500003,15.2041015625],[98.17792968750001,15.147412109374997],[98.2021484375,14.975927734374991],[98.24599609375002,14.814746093750003],[98.33212890625003,14.696484374999997],[98.40019531249999,14.602978515624997],[98.49501953125002,14.472900390625],[98.57001953125001,14.359912109375003],[98.72119140625,14.235742187499994],[98.93359375,14.049853515625003],[99.0146484375,13.947167968749994],[99.08623046874999,13.82275390625],[99.13681640625003,13.716699218749994],[99.15605468749999,13.575781249999991],[99.17167968749999,13.496923828124991],[99.17617187500002,13.233056640624994],[99.13710937500002,13.172998046874994],[99.107421875,13.103515625],[99.12392578125002,13.03076171875],[99.17353515625001,12.961328124999994],[99.17353515625001,12.881933593749991],[99.21982421875003,12.73974609375],[99.29736328125,12.652880859374989],[99.37197265625002,12.59423828125],[99.40507812499999,12.547900390624989],[99.39423828125001,12.4736328125],[99.41630859374999,12.394824218749989],[99.43242187499999,12.309033203124997],[99.462890625,12.190234374999989],[99.52294921875,12.089648437499989],[99.61474609375,11.781201171874997],[99.61250000000001,11.749658203124994],[99.57285156250003,11.687158203124994],[99.51523437500003,11.630664062499989],[99.47792968750002,11.612499999999997],[99.44267578124999,11.554394531249997],[99.35878906250002,11.389453124999989],[99.19013671875001,11.105273437499989],[99.025390625,10.919970703124989],[98.88710937500002,10.788330078125],[98.78691406249999,10.708447265624997],[98.75722656250002,10.660937499999989],[98.75722656250002,10.623583984374989],[98.775390625,10.557031249999994],[98.76835937499999,10.430859374999997],[98.74687499999999,10.350830078125],[98.71845703125001,10.266015624999994],[98.70253906250002,10.190380859374997],[98.65800781249999,10.179052734374991],[98.56259765625003,10.034960937499989],[98.52128906249999,10.107226562499989],[98.49687499999999,10.182519531249994],[98.52304687500003,10.353124999999991],[98.46494140625003,10.675830078124989],[98.5009765625,10.718945312499997],[98.53564453125,10.740673828124997],[98.59882812500001,10.864404296874994],[98.67558593749999,10.986914062499991],[98.6826171875,11.133105468749989],[98.74472656250003,11.240380859374994],[98.73007812500003,11.329980468749994],[98.73330078125002,11.435253906249997],[98.74638671874999,11.521289062499989],[98.74140625000001,11.591699218749994],[98.79072265625001,11.665087890624989],[98.8759765625,11.7197265625],[98.84023437500002,11.7392578125],[98.80478515625003,11.779248046874997],[98.69365234374999,11.718359374999991],[98.63632812500003,11.738378906249991],[98.62490234375002,11.801464843749997],[98.63906250000002,11.869140625],[98.64492187500002,11.910302734374994],[98.689453125,11.956738281249997],[98.68632812499999,12.047119140625],[98.66386718749999,12.126708984375],[98.6962890625,12.225244140624994],[98.63056640625001,12.225488281249994],[98.60029296875001,12.245312499999997],[98.619140625,12.299999999999997],[98.6787109375,12.348486328124991],[98.62441406250002,12.440722656249989],[98.66464843750003,12.539941406249994],[98.66318359375003,12.662402343749989],[98.63564453125002,12.7705078125],[98.63710937500002,12.848242187499991],[98.59511718750002,12.986035156249997],[98.57597656249999,13.161914062499989],[98.48710937499999,13.293066406249991],[98.42128906250002,13.483789062499994],[98.24541015624999,13.733496093749991],[98.24843750000002,13.840380859375003],[98.23896484375001,13.934472656249994],[98.20039062500001,13.980175781249997],[98.14951171875003,13.647607421874994],[98.11064453124999,13.712890625],[98.09824218750003,13.898339843749994],[98.07265625000002,13.986474609374994],[98.10019531250003,14.161523437499994],[97.99843750000002,14.335302734374991],[97.9765625,14.461474609375003],[97.90976562500003,14.652685546874991],[97.92929687500003,14.695556640625],[98.01875000000001,14.652587890625],[97.9365234375,14.763916015625],[97.869140625,14.738720703124997],[97.81230468749999,14.858935546875003],[97.7998046875,15.184912109374991],[97.74375000000003,15.306787109374994],[97.77421874999999,15.430957031250003],[97.71035156250002,15.875537109375003],[97.58427734374999,16.019580078125003],[97.60927734375002,16.143847656250003],[97.640625,16.253857421874997],[97.63369140625002,16.457666015624994],[97.66464843750003,16.520458984374997],[97.72597656250002,16.568554687499997],[97.66845703125,16.55161132812499],[97.61962890625,16.53720703124999],[97.50507812500001,16.525292968749994],[97.37587890625002,16.52294921875],[97.3310546875,16.671777343749994],[97.26748046875002,16.743115234374997],[97.21171874999999,16.892578125],[97.17832031250003,17.06201171875],[97.2001953125,17.095410156249997],[97.10019531250003,17.16455078125],[97.07451171874999,17.206933593749994],[96.97011718750002,17.317333984374997],[96.85146484375002,17.401025390624994],[96.87773437499999,17.342187499999994],[96.90976562500003,17.304833984374994],[96.85087890624999,17.202929687500003],[96.90859375000002,17.030957031249997],[96.85800781250003,16.921191406250003],[96.81064453125003,16.778369140625003],[96.76542968749999,16.710351562499994],[96.62246093750002,16.563916015624997],[96.50664062499999,16.514355468749997],[96.43115234375,16.504931640625003],[96.36435546875003,16.5205078125],[96.2822265625,16.595996093750003],[96.26210937500002,16.659130859374997],[96.24892578125002,16.765332031249997],[96.22031250000003,16.780566406250003],[96.18906250000003,16.768310546875],[96.23769531250002,16.631249999999994],[96.23671875000002,16.567431640625003],[96.32431640625003,16.44443359374999],[96.29306640625003,16.410058593749994],[96.13505859374999,16.342529296875],[96.08095703125002,16.35336914062499],[96.04287109375002,16.33994140624999],[96.03212890625002,16.284619140624997],[96.01230468750003,16.253710937500003],[95.76328125000003,16.16904296874999],[95.71142578125,16.073388671874994],[95.67949218749999,15.976757812499997],[95.5556640625,15.837841796874997],[95.38955078125002,15.722753906249991],[95.34843749999999,15.729296875000003],[95.30146484375001,15.756152343750003],[95.30781250000001,15.880419921875003],[95.36474609375,15.985449218749991],[95.34677734375003,16.097607421874997],[95.3330078125,16.033251953125003],[95.22587890624999,15.876806640624991],[95.17695312500001,15.82568359375],[95.07832031250001,15.839160156250003],[95.0,15.82710220885791],[95.0,24.0],[97.5781683171634,24.0],[97.56826171875002,23.988476562499997],[97.56455078125003,23.911035156249994],[97.62968749999999,23.887158203124997],[97.68603515625,23.898095703124994],[97.75566406249999,23.931884765625],[97.83769531249999,23.986279296874997],[97.8687594583783,24.0],[98.73917828541106,24.0],[98.70156250000002,23.964062499999997],[98.6767578125,23.905078125000003],[98.68085937500001,23.841796875],[98.73505859375001,23.783105468749994],[98.78769531250003,23.737841796875003],[98.83222656250001,23.62436523437499],[98.7978515625,23.520410156249994],[98.81972656250002,23.48251953124999],[98.85888671875,23.440087890624994],[98.88261718749999,23.380322265624997],[98.88554687499999,23.30747070312499],[98.86376953125,23.19125976562499],[99.05507812500002,23.130566406249997],[99.22031250000003,23.103320312500003],[99.3408203125,23.095898437499997],[99.41806640625003,23.069238281249994],[99.46455078125001,23.04624023437499],[99.49726562500001,23.004589843749997],[99.50712890624999,22.959130859374994],[99.466796875,22.927294921875003],[99.38515625000002,22.825097656249994],[99.33828125000002,22.688671874999997],[99.34316406250002,22.58652343749999],[99.33769531249999,22.498046875],[99.24306640625002,22.370361328125],[99.20537109374999,22.28256835937499],[99.17236328125,22.19248046874999],[99.17343750000003,22.1533203125],[99.19296875000003,22.1259765625],[99.2333984375,22.110156250000003],[99.30312500000002,22.100634765625003],[99.388671875,22.110791015624997],[99.59267578125002,22.089160156250003],[99.82539062500001,22.049707031249994],[99.91767578125001,22.028027343749997],[99.94785156250003,21.988330078125003],[99.9404296875,21.901611328125],[99.92558593749999,21.82080078125],[99.94072265624999,21.758740234374997],[99.97822265625001,21.701611328124997],[100.04121093750001,21.682763671874994],[100.09550781249999,21.66064453125],[100.10576171874999,21.61704101562499],[100.08925781250002,21.557910156250003],[100.11679687500003,21.511181640624997],[100.14765625000001,21.480517578125003],[100.21474609375002,21.46298828124999],[100.3505859375,21.501025390625003],[100.44570312500002,21.484082031249997],[100.53134765625003,21.45810546874999],[100.60458984375003,21.47177734374999],[100.67714843750002,21.504931640625003],[100.83515625000001,21.655175781249994],[101.01933593749999,21.736376953125003],[101.07978515625001,21.755859375],[101.12070312500003,21.74609375],[101.130859375,21.735546874999997],[101.12812500000001,21.705126953125003],[101.14726562499999,21.58164062499999],[101.13886718750001,21.56748046874999],[101.08037109374999,21.468652343749994],[100.92753906249999,21.3662109375],[100.81953125000001,21.314208984375],[100.75664062499999,21.312646484374994],[100.703125,21.251367187499994],[100.6591796875,21.13037109375],[100.61367187500002,21.059326171875],[100.56660156250001,21.03818359374999],[100.5361328125,20.992382812499997],[100.52226562499999,20.921923828125003],[100.54931640625,20.884228515624997],[100.61767578125,20.87924804687499],[100.62294921875002,20.859570312499997],[100.56513671875001,20.825097656249994],[100.49335937500001,20.81298828125],[100.40742187499995,20.823242187500057],[100.32607421875002,20.795703125000003],[100.24931640624999,20.730273437500003],[100.18388671874999,20.589111328125],[100.12968749999999,20.372216796874994],[100.12246093750002,20.316650390625],[100.00361328125001,20.379589843749997]]],[[[98.29345703125,10.779687499999994],[98.28437500000001,10.753124999999997],[98.271484375,10.739892578124994],[98.25175781249999,10.744433593749989],[98.21816406250002,10.837744140624991],[98.15537109375003,10.89794921875],[98.08046875000002,10.886621093749994],[98.142578125,10.963134765625],[98.16728515624999,10.980322265624991],[98.20976562499999,10.952734374999991],[98.29345703125,10.779687499999994]]],[[[98.13437500000003,9.875390624999994],[98.11806640625002,9.877880859374997],[98.14023437500003,9.974658203124989],[98.220703125,10.045214843749989],[98.29169921875001,10.051318359374989],[98.28339843750001,10.007617187499989],[98.23124999999999,9.953955078124991],[98.1826171875,9.933447265624991],[98.13437500000003,9.875390624999994]]],[[[98.21621093750002,11.455761718749997],[98.20937500000002,11.45654296875],[98.18730468749999,11.472412109375],[98.20107421875002,11.567187499999989],[98.23906249999999,11.644726562499997],[98.27812499999999,11.758398437499991],[98.29960937499999,11.783007812499989],[98.30751953125002,11.722900390625],[98.28378906250003,11.594091796874991],[98.26328125000003,11.523632812499997],[98.2216796875,11.478222656249997],[98.21621093750002,11.455761718749997]]],[[[98.47431640625001,11.8994140625],[98.45449218750002,12.061279296875],[98.46621093750002,12.084277343749989],[98.52529296875002,12.005175781249989],[98.60957031250001,11.956640624999991],[98.57646484374999,11.925097656249989],[98.51601562500002,11.905029296875],[98.47431640625001,11.8994140625]]],[[[98.52841796875003,11.538671874999991],[98.46484375,11.567187499999989],[98.43476562500001,11.567089843749997],[98.39687500000002,11.683544921874997],[98.39951171875003,11.71484375],[98.37646484375,11.79150390625],[98.52353515625003,11.804931640625],[98.55380859375003,11.744873046875],[98.52841796875003,11.538671874999991]]],[[[98.43642578125002,12.570507812499997],[98.46826171875,12.571337890624989],[98.45947265625,12.473730468749991],[98.380859375,12.353662109374994],[98.33447265625,12.336181640625],[98.31386718750002,12.335986328124989],[98.33144531250002,12.511425781249997],[98.30253906249999,12.611572265625],[98.31210937500003,12.678173828124997],[98.396484375,12.647119140624994],[98.41396484375002,12.597949218749989],[98.43642578125002,12.570507812499997]]],[[[98.12509765625003,12.144873046874991],[98.10849609375003,12.148095703124994],[98.07539062500001,12.164453124999994],[98.03730468750001,12.232470703124989],[98.05732421875001,12.280078124999989],[98.07138671875003,12.291796874999989],[98.10488281250002,12.287792968749997],[98.12246093750002,12.278710937499994],[98.12841796875,12.26123046875],[98.11845703124999,12.223388671875],[98.1201171875,12.191308593749994],[98.13671875,12.150439453124989],[98.12509765625003,12.144873046874991]]],[[[97.53720703125003,16.240136718749994],[97.48037109375002,16.305712890625003],[97.46914062500002,16.46103515624999],[97.51640624999999,16.496875000000003],[97.5419921875,16.505078124999997],[97.57900390625002,16.486035156249997],[97.59326171875,16.46079101562499],[97.599609375,16.42954101562499],[97.58935546875,16.397363281249994],[97.57499999999999,16.253222656250003],[97.53720703125003,16.240136718749994]]],[[[98.51894531250002,10.959374999999994],[98.498046875,10.964257812499994],[98.47744140625002,10.979736328125],[98.52656250000001,11.086962890624989],[98.54169921875001,10.961523437499991],[98.51894531250002,10.959374999999994]]],[[[98.08359375000003,11.636816406249991],[98.02109375000003,11.695898437499991],[98.01035156250003,11.860253906249994],[98.0595703125,11.756689453124991],[98.08076171875001,11.733203124999989],[98.07548828124999,11.6923828125],[98.08359375000003,11.636816406249991]]],[[[98.06035156249999,12.353515625],[98.00234375000002,12.279003906249997],[97.95175781250003,12.322314453124989],[97.93867187500001,12.346093749999994],[97.990234375,12.393798828125],[98.04511718750001,12.387011718749989],[98.05986328124999,12.397851562499994],[98.06611328125001,12.389794921874994],[98.06035156249999,12.353515625]]],[[[98.30917968750003,12.934716796874994],[98.25927734375,13.014013671874991],[98.25078124999999,13.104394531249994],[98.25458984375001,13.188574218749991],[98.26533203125001,13.202246093749991],[98.2685546875,13.189355468749994],[98.29863281249999,13.151660156249989],[98.3154296875,13.099072265624997],[98.30917968750003,12.934716796874994]]]]}},{"type":"Feature","properties":{"name":"Brunei"},"geometry":{"type":"MultiPolygon","coordinates":[[[[115.16845703125,4.86669921875],[115.22792968750002,4.7505859374999915],[115.26669921875003,4.633984374999997],[115.279296875,4.456347656249989],[115.32675781250003,4.380761718749994],[115.31923828125002,4.365283203124989],[115.29062500000003,4.352587890624989],[115.24667968750003,4.347216796874989],[115.17060546875001,4.364208984374997],[115.10703125000003,4.390429687499989],[115.05156249999999,4.582666015624994],[115.02675781250002,4.691357421874997],[115.02880859375,4.8211425781249915],[115.02675781250002,4.899707031249989],[115.14003906250002,4.8997558593749915],[115.16845703125,4.86669921875]]],[[[114.94472656250002,4.856249999999989],[114.86455078124999,4.8017578125],[114.7841796875,4.754833984374997],[114.74667968750003,4.718066406249989],[114.75996093750001,4.66650390625],[114.779296875,4.553027343749989],[114.79013671875003,4.463916015624989],[114.81826171875002,4.428759765624989],[114.84023437500002,4.393212890624994],[114.8310546875,4.3544921875],[114.78349609374999,4.28076171875],[114.81044921875002,4.266503906249994],[114.77617187499999,4.1687988281249915],[114.72500000000002,4.0965332031249915],[114.65410156249999,4.037646484374989],[114.60830078125002,4.023974609374989],[114.57177734375,4.049072265625],[114.51220703125,4.113574218749989],[114.44707031249999,4.203564453124997],[114.41660156250003,4.255859375],[114.32294921875001,4.2627929687499915],[114.28964843750003,4.30419921875],[114.28759765625,4.354736328125],[114.26103515624999,4.414257812499997],[114.22412109375,4.4778808593749915],[114.16884765625002,4.5269531249999915],[114.09511718750002,4.565234374999989],[114.06386718750002,4.592675781249994],[114.17792968750001,4.590966796874994],[114.29941406250003,4.607177734375],[114.42441406250003,4.660400390625],[114.54472656249999,4.724560546874997],[114.64589843750002,4.798144531249989],[114.74082031250003,4.881005859374994],[114.84062499999999,4.9463867187499915],[114.99541015624999,5.022363281249994],[115.04765624999999,5.016357421875],[115.04707031250001,4.962451171874989],[115.02675781250002,4.899707031249989],[114.94472656250002,4.856249999999989]]]]}},{"type":"Feature","properties":{"name":"Indian Ocean Ter."},"geometry":{"type":"Polygon","coordinates":[[[105.69687500000003,-10.564160156250011],[105.64433593749999,-10.525000000000006],[105.58408203125003,-10.512500000000003],[105.595703125,-10.459667968750011],[105.6455078125,-10.452246093750006],[105.66982421875002,-10.449414062500011],[105.70546875000002,-10.4306640625],[105.72539062499999,-10.492968750000003],[105.69687500000003,-10.564160156250011]]]}}]}
